name,city,county,area,enrollment,championship_group,division_area,source,old_class,program_id,private,source_territory,notes
Talladega,San Borondón,San Marcos,Sebastian Cape,2597.0,9A,JHSAA,current,9A,Elena Petrov|girls,0,,
Rogue Valley Packing,Bahía Leal,San Marcos,Sebastian Cape,2594.0,9A,JHSAA,current,9A,James Gaines|girls,0,,
Sandra Day O'Connor,Belmonte,Halbrook,Halbrook Basin,2592.0,9A,JHSAA,current,9A,Iker Aramburu|girls,0,,
Jesuit,Mercer City,Ferris,Gold Valley,2586.0,9A,JHSAA,current,9A,Astrid Ricci|girls,1,,
Arroyo Seco,Serrano,Halbrook,Halbrook Basin,2583.0,9A,JHSAA,current,9A,Serrano Applied Sciences Institute|girls,0,,
Canal View,Orellana,Vance,Halbrook Basin,2578.0,9A,JHSAA,current,9A,Orellana Canal View|girls,0,,
Seafarer,Port Veles,Bidwell,Selquah,2573.0,9A,JHSAA,current,9A,Seafarer High|girls,0,,
Mar Vista,San Cordero,Tamarack,Cascade Divide,2565.0,9A,JHSAA,current,9A,Anya Antonov|girls,0,,
Purcell,Purcell,Marlow,Ashbury Metro,2564.0,9A,JHSAA,current,9A,Purcell|girls,0,,
I-50 Tech,Belmonte,Halbrook,Halbrook Basin,2550.0,9A,JHSAA,current,9A,I-50 Technical|girls,0,,
Southridge Christian,Ashbury,Marlow,Ashbury Metro,2550.0,9A,JHSAA,current,9A,Southridge Christian|girls,1,,
Treasure Valley,Orellana,Vance,Halbrook Basin,2547.0,9A,JHSAA,current,9A,Orellana Treasure Valley|girls,0,,
Grande-Savane Arts,Belyakov,Vance,Halbrook Basin,2546.0,9A,JHSAA,current,9A,Belyakov School of Design and Engineering|girls,0,,
Bernal Heights,Montelago,Ferris,Gold Valley,2545.0,9A,JHSAA,current,9A,Lars Bellini|girls,0,,
Bayard Rustin,Belyakov,Vance,Halbrook Basin,2537.0,9A,JHSAA,current,9A,Bayard Rustin|girls,0,,
Notre Dame,Boyerstown,Marlow,Ashbury Metro,2531.0,9A,JHSAA,current,9A,Oskar Bellini|girls,1,,
Ferris,Valderra,Ferris,Gold Valley,2527.0,9A,JHSAA,current,9A,Carmen Valera|girls,0,,
Hayes Valley,Orellana,Vance,Halbrook Basin,2524.0,9A,JHSAA,current,9A,Lev Kareva|girls,0,,
James K. Polk,Orellana,Vance,Halbrook Basin,2516.0,9A,JHSAA,current,9A,Katherine Booker|girls,0,,
Kinnickinny,Belmonte,Halbrook,Halbrook Basin,2509.0,9A,JHSAA,current,9A,River Plain|girls,0,,
Potrero Hill,Belmonte,Halbrook,Halbrook Basin,2491.0,9A,JHSAA,current,9A,Leire Garmendia|girls,0,,
Laurel Park,Ashbury,Marlow,Ashbury Metro,2481.0,9A,JHSAA,current,9A,Ashbury West|girls,0,,
Tuskegee,San Borondón,San Marcos,Sebastian Cape,2480.0,9A,JHSAA,current,9A,Harold Williams|girls,0,,
Tamarack,San Cordero,Tamarack,Cascade Divide,2475.0,9A,JHSAA,current,9A,Svenja Bianchi|girls,0,,
Housatonic,Bahía Leal,San Marcos,Sebastian Cape,2474.0,9A,JHSAA,current,9A,Housatonic HS|girls,0,,
Veles Vo-Tech,Port Veles,Bidwell,Selquah,2458.0,9A,JHSAA,current,9A,Port Veles Maritime Academy|girls,0,,
Mesa Verde,San Cordero,Tamarack,Cascade Divide,2453.0,9A,JHSAA,current,9A,San Cordero School of Commerce|girls,0,,
Halbrook,Halbrook,Halbrook,Halbrook Basin,2444.0,9A,JHSAA,current,9A,Halbrook|girls,0,,
Coyote Bend,Valderra,Ferris,Gold Valley,2436.0,9A,JHSAA,current,9A,Valderra Aviation and Engineering Academy|girls,0,,
Forest Park,Serrano,Halbrook,Halbrook Basin,2427.0,9A,JHSAA,current,9A,Edith Mercer|girls,0,,
Cortland,Cortland,Ferris,Gold Valley,2420.0,9A,JHSAA,current,9A,Cortland|girls,0,,
Charlotte,Loomis City,Camas,Ashbury Metro,2411.0,9A,JHSAA,current,9A,Loomis City North|girls,0,,
Bienville,San Borondón,San Marcos,Sebastian Cape,2410.0,9A,JHSAA,current,9A,Redwood Coast|girls,0,,
Benton Park,Santa Michaela,Bidwell,Selquah,2409.0,9A,JHSAA,current,9A,Hazel Bennett|girls,0,,
Twin Mills,Mercer City,Ferris,Gold Valley,2409.0,9A,JHSAA,current,9A,Mercer City Technical Arts Academy|girls,0,,
Rockridge,Belmonte,Halbrook,Halbrook Basin,2388.0,9A,JHSAA,current,9A,Nicolás Ordoñez|girls,0,,
Shasta Agricultural,Valderra,Ferris,Gold Valley,2384.0,9A,JHSAA,current,9A,Lars Mercier|girls,0,,
Mickey Mantle,Belyakov,Vance,Halbrook Basin,2383.0,9A,JHSAA,current,9A,Belyakov Agricultural Sciences Academy|girls,0,,
Round Mountain Grange,Santa Michaela,Bidwell,Selquah,2372.0,9A,JHSAA,current,9A,Jeannette Freeman|girls,0,,
Tippecanoe,Belmonte,Halbrook,Halbrook Basin,2361.0,9A,JHSAA,current,9A,Rosa Castañeda|girls,0,,
Basin Gate,Halbrook,Halbrook,Halbrook Basin,2360.0,9A,JHSAA,current,9A,Halbrook Technical|girls,0,,
Keeler,Belmonte,Halbrook,Halbrook Basin,2360.0,9A,JHSAA,current,9A,Belmonte Civic Leadership Academy|girls,0,,
Siskiyou Electric,Serrano,Halbrook,Halbrook Basin,2359.0,9A,JHSAA,current,9A,Nicolás Salcedo|girls,0,,
Tower Grove,Serrano,Halbrook,Halbrook Basin,2359.0,9A,JHSAA,current,9A,Beatriz Zamora|girls,0,,
Foundry,Lake Esperanza,Ferris,Gold Valley,2352.0,9A,JHSAA,current,9A,Foundry High|girls,0,,
James Monroe,Port Veles,Bidwell,Selquah,2348.0,9A,JHSAA,current,9A,Galina Markov|girls,0,,
Sparrowhawk,Belmonte,Halbrook,Halbrook Basin,2332.0,9A,JHSAA,current,9A,Nerea Mendizabal|girls,0,,
Los Feliz,Llerena,Halbrook,Halbrook Basin,2328.0,9A,JHSAA,current,9A,Javier Villalba|girls,0,,
Bannock,Belyakov,Vance,Halbrook Basin,2322.0,9A,JHSAA,current,9A,Carmen Cordero|girls,0,,
Snowline,Fort Carden,Tamarack,Cascade Divide,2316.0,9A,JHSAA,current,9A,Snowline|girls,0,,
Carondelet,Santa Michaela,Bidwell,Selquah,2309.0,9A,JHSAA,current,9A,Anneliese Ricci|girls,0,,
Lyndon B. Johnson,Mercer City,Ferris,Gold Valley,2300.0,9A,JHSAA,current,9A,Amos Cross|girls,0,,
Southern Pacific Tech,Mercer City,Ferris,Gold Valley,2292.0,9A,JHSAA,current,9A,Petra Jansen|girls,0,,
Morgan Park,Puerto de los Reyes,San Marcos,Sebastian Cape,2281.0,9A,JHSAA,current,9A,Alejandro Zamora|girls,0,,
Friendship City,Belyakov,Vance,Halbrook Basin,2279.0,9A,JHSAA,current,9A,Belyakov Environmental Sciences Academy|girls,0,,
Orchard Hill,Valderra,Ferris,Gold Valley,2273.0,9A,JHSAA,current,9A,Orchard Hill|girls,0,,
Weller,Fort Meriwether,Weller,Selquah,2271.0,9A,JHSAA,current,9A,Klara Marchand|girls,0,,
Dolores Huerta,Los Robles,Marlow,Ashbury Metro,2239.0,9A,JHSAA,current,9A,Dolores Huerta|girls,0,,
Mission Bay,San Borondón,San Marcos,Sebastian Cape,2238.0,9A,JHSAA,current,9A,Mission Bay|girls,0,,
Rogers Park,Valderra,Ferris,Gold Valley,2233.0,9A,JHSAA,current,9A,Winifred Browne|girls,0,,
Vista Terrace,Ashbury,Marlow,Ashbury Metro,2227.0,9A,JHSAA,current,9A,Vista Terrace|girls,0,,
Pennsauke,Belyakov,Vance,Halbrook Basin,2224.0,9A,JHSAA,current,9A,Yelena Belov|girls,0,,
Ashbury Central,Ashbury,Marlow,Ashbury Metro,2221.0,9A,JHSAA,current,9A,Ashbury Heights|girls,0,,
Octavia Butler,Boyerstown,Marlow,Ashbury Metro,2217.0,9A,JHSAA,current,9A,Octavia Butler|girls,0,,
Pennsauken,Belmonte,Halbrook,Halbrook Basin,2217.0,9A,JHSAA,current,9A,Miren Elorriaga|girls,0,,
Franklin Pierce,Port Veles,Bidwell,Selquah,2213.0,9A,JHSAA,current,9A,Katherine Williams|girls,0,,
Santa Michaela,Santa Michaela,Bidwell,Selquah,2190.0,9A,JHSAA,current,9A,Santa Michaela|girls,0,,
Port Meridian West,Port Meridian,Bidwell,Selquah,2189.0,9A,JHSAA,current,9A,Port Meridian West|girls,0,,
Ronald Reagan,Furrow Crossing,Barlowe,Halbrook Basin,2187.0,9A,JHSAA,current,9A,Ronald Reagan|girls,0,,
Readbury,Port Veles,Bidwell,Selquah,2178.0,9A,JHSAA,current,9A,Thelma Avery|girls,0,,
Jefferson Science,Ashbury,Marlow,Ashbury Metro,2162.0,9A,JHSAA,current,9A,Jefferson School of Science and Technology|girls,0,,
Malpais,Orellana,Vance,Halbrook Basin,2150.0,9A,JHSAA,current,9A,Orellana School of Commerce|girls,0,,
Martin Van Buren,Port Veles,Bidwell,Selquah,2148.0,9A,JHSAA,current,9A,Harbor Gate North|girls,0,,
Breakwater,Fort Meriwether,Weller,Selquah,2143.0,9A,JHSAA,current,8A,Fort Meriwether Breakwater|girls,0,,
Chaparral,Caswell,Halbrook,Halbrook Basin,2140.0,9A,JHSAA,current,8A,Andrew Jackson North|girls,0,,
Cherry Hill North,Caswell,Halbrook,Halbrook Basin,2139.0,9A,JHSAA,current,8A,Caswell Depot High|girls,0,,
Kongisburg,Belyakov,Vance,Halbrook Basin,2132.0,9A,JHSAA,current,8A,Belyakov School of Science and Industry|girls,0,,
Forks Harbor,San Cordero,Tamarack,Cascade Divide,2131.0,9A,JHSAA,current,8A,Ruby Stokes North|girls,0,,
Natchitoches,San Borondón,San Marcos,Sebastian Cape,2128.0,9A,JHSAA,current,8A,Las Palmas North|girls,0,,
Dwight Eisenhower,Valderra,Ferris,Gold Valley,2118.0,9A,JHSAA,current,8A,Valderra Technical Arts Academy|girls,0,,
Pacific Fruit Exchange,Bahía Leal,San Marcos,Sebastian Cape,2117.0,9A,JHSAA,current,8A,Manuel Robles|girls,0,,
Orellana Central,Orellana,Vance,Halbrook Basin,2116.0,9A,JHSAA,current,8A,Orellana|girls,0,,
Golden Gate,Montelago,Ferris,Gold Valley,2090.0,9A,JHSAA,current,8A,Golden Gate|girls,0,,
William Henry Harrison,Port Veles,Bidwell,Selquah,2090.0,9A,JHSAA,current,8A,Henrik Keller|girls,0,,
Tuscaloosa,San Borondón,San Marcos,Sebastian Cape,2082.0,9A,JHSAA,current,8A,Las Palmas|girls,0,,
Madrigal,Madrigal,Halbrook,Halbrook Basin,2062.0,9A,JHSAA,current,8A,Madrigal|girls,0,,
James Baldwin,Perryville,Marlow,Ashbury Metro,2058.0,8A,JHSAA,current,8A,James Baldwin|girls,0,,
Thurgood Marshall,San Cordero,Tamarack,Cascade Divide,2048.0,8A,JHSAA,current,8A,Thurgood Marshall|girls,0,,
Pacific Gate,San Dámaso,Bidwell,Selquah,2043.0,8A,JHSAA,current,8A,Pacific Gate|girls,0,,
Waldo,Cortland,Ferris,Gold Valley,2040.0,8A,JHSAA,current,8A,Oskar Weiss|girls,0,,
Gwendolyn Brooks,San Cordero,Tamarack,Cascade Divide,2032.0,8A,JHSAA,current,8A,Gwendolyn Brooks|girls,0,,
Dry Fork,Ashbury,Marlow,Ashbury Metro,2030.0,8A,JHSAA,current,8A,North Fork|girls,0,,
Caswell,Caswell,Halbrook,Halbrook Basin,2028.0,8A,JHSAA,current,8A,Caswell|girls,0,,
Leonard Coleman,Boyerstown,Marlow,Ashbury Metro,2024.0,8A,JHSAA,current,8A,Leonard Coleman|girls,0,,
Altamonte,Altamonte,Juniper,Juniper Highlands,2015.0,8A,JHSAA,current,8A,Altamonte|girls,0,,
Roosevelt,Port Veles,Bidwell,Selquah,2010.0,8A,JHSAA,current,8A,Nadia Chernov North|girls,0,,
Bell,Port Meridian,Bidwell,Selquah,2009.0,8A,JHSAA,current,8A,Bell|girls,0,,
Fort Carden,Fort Carden,Tamarack,Cascade Divide,2009.0,8A,JHSAA,current,8A,Fort Carden|girls,0,,
Sotavento,San Borondón,San Marcos,Sebastian Cape,2007.0,8A,JHSAA,current,8A,San Borondón Environmental Sciences Academy|girls,0,,
River Oaks,Orellana,Vance,Halbrook Basin,1996.0,8A,JHSAA,current,8A,Alina Antonov|girls,0,,
Lincoln,Belyakov,Vance,Halbrook Basin,1995.0,8A,JHSAA,current,8A,Abraham Lincoln|girls,0,,
Harlan,Santa Cruz del Norte,San Marcos,Sebastian Cape,1990.0,8A,JHSAA,current,8A,Harlan Cole|girls,0,,
Crow Basin,Llerena,Halbrook,Halbrook Basin,1988.0,8A,JHSAA,current,8A,Llerena School of Science and Industry|girls,0,,
Hollywood,Mercer City,Ferris,Gold Valley,1980.0,8A,JHSAA,current,8A,Thomas Halvorsen|girls,0,,
Memorial,Cortland,Ferris,Gold Valley,1970.0,8A,JHSAA,current,8A,Svenja Ekström|girls,0,,
Ben Franklin,Mercer City,Ferris,Gold Valley,1957.0,8A,JHSAA,current,8A,Lillian Stokes|girls,0,,
Lago Vista,Montelago,Ferris,Gold Valley,1955.0,8A,JHSAA,current,8A,Thomas Ekström|girls,0,,
Holy Cross,Port Meridian,Bidwell,Selquah,1949.0,8A,JHSAA,current,8A,Holy Cross|girls,1,,
Washington,Port Veles,Bidwell,Selquah,1947.0,8A,JHSAA,current,8A,Anneliese Halvorsen|girls,0,,
Sunset Hills,Emerson,Halbrook,Halbrook Basin,1937.0,8A,JHSAA,current,8A,Yuri Chernov|girls,0,,
Borough Beach,Belyakov,Vance,Halbrook Basin,1920.0,8A,JHSAA,current,8A,Aitor Zubieta|girls,0,,
Northgate,Halbrook,Halbrook,Halbrook Basin,1917.0,8A,JHSAA,current,8A,Northgate|girls,0,,
Avalon Park,Puerto de los Reyes,San Marcos,Sebastian Cape,1916.0,8A,JHSAA,current,8A,César Peralta|girls,0,,
Dogpatch,Ashbury,Marlow,Ashbury Metro,1909.0,8A,JHSAA,current,8A,Lena Talltree|girls,0,,
Apalachicola,San Borondón,San Marcos,Sebastian Cape,1908.0,8A,JHSAA,current,8A,Imani Cross|girls,0,,
East Moscow,Belyakov,Vance,Halbrook Basin,1894.0,8A,JHSAA,current,8A,Belyakov|girls,0,,
Marshfield Prep,San Borondón,San Marcos,Sebastian Cape,1892.0,8A,JHSAA,current,8A,St. Sophia Preparatory|girls,1,,
Larchmont Ridge,Elk Spur,Juniper,Juniper Highlands,1891.0,8A,JHSAA,current,8A,Larchmont Ridge|girls,0,,
Valderra,Valderra,Ferris,Gold Valley,1888.0,8A,JHSAA,current,8A,Valderra|girls,0,,
Tidegate,Santa Michaela,Bidwell,Selquah,1884.0,8A,JHSAA,current,8A,Santa Michaela Harbor Gate|girls,0,,
Port Meridian North,Port Meridian,Bidwell,Selquah,1877.0,8A,JHSAA,current,8A,Port Meridian Polytechnic|girls,0,,
Longfellow,Lake Esperanza,Ferris,Gold Valley,1862.0,8A,JHSAA,current,8A,Gabriel Zúñiga|girls,0,,
Elysian Valley,Altamonte,Juniper,Juniper Highlands,1854.0,8A,JHSAA,current,8A,Itziar Elorriaga|girls,0,,
Puerto de los Reyes,Puerto de los Reyes,San Marcos,Sebastian Cape,1848.0,8A,JHSAA,current,8A,Puerto de los Reyes|girls,0,,
Anse Doree,Belyakov,Vance,Halbrook Basin,1835.0,8A,JHSAA,current,8A,Belyakov Depot High|girls,0,,
Bowerstock,Belmonte,Halbrook,Halbrook Basin,1827.0,8A,JHSAA,current,8A,Yelena Sokolov|girls,0,,
Montclair,Puerto de los Reyes,San Marcos,Sebastian Cape,1824.0,8A,JHSAA,current,8A,Sofía Aranda|girls,0,,
Montelago,Montelago,Ferris,Gold Valley,1814.0,8A,JHSAA,current,8A,Montelago|girls,0,,
Jefferson Park,Fort Carden,Tamarack,Cascade Divide,1806.0,8A,JHSAA,current,8A,Eleanor Cole|girls,0,,
Shirley Chisholm,Belmonte,Halbrook,Halbrook Basin,1789.0,8A,JHSAA,current,8A,Shirley Chisholm|girls,0,,
Archbishop Gregory,Puerto de los Reyes,San Marcos,Sebastian Cape,1778.0,8A,JHSAA,current,8A,Oksana Romanov|girls,1,,
Chillicothe,Belmonte,Halbrook,Halbrook Basin,1778.0,8A,JHSAA,current,8A,Belmonte River Plain|girls,0,,
Senator Gray,Altamonte,Juniper,Juniper Highlands,1776.0,8A,JHSAA,current,8A,Altamonte Civic Leadership Academy|girls,0,,
North Coast Packing,Moriarty,Ferris,Gold Valley,1762.0,8A,JHSAA,current,8A,Lillian Price|girls,0,,
Malcolm X Shabazz,San Borondón,San Marcos,Sebastian Cape,1751.0,8A,JHSAA,current,8A,Sergei Belov|girls,0,,
Ironwood Flats,Caswell,Halbrook,Halbrook Basin,1747.0,8A,JHSAA,current,8A,Tatiana Moroz North|girls,0,,
Quarry Workers,Puerto de los Reyes,San Marcos,Sebastian Cape,1745.0,8A,JHSAA,current,8A,Rosa Salcedo|girls,0,,
Temescal,Starlight,Halbrook,Halbrook Basin,1745.0,8A,JHSAA,current,8A,Nicolás Villalba|girls,0,,
Seawall,Port Veles,Bidwell,Selquah,1719.0,8A,JHSAA,current,8A,Port Veles Foundry High|girls,0,,
Red Mesa,Valderra,Ferris,Gold Valley,1713.0,8A,JHSAA,current,8A,Clara Cross|girls,0,,
Westover,Los Robles,Marlow,Ashbury Metro,1713.0,8A,JHSAA,current,8A,Westover|girls,0,,
Pioneer Electric,Montelago,Ferris,Gold Valley,1710.0,8A,JHSAA,current,8A,Rafael Escobedo|girls,0,,
Cherry Hill South,Caswell,Halbrook,Halbrook Basin,1706.0,8A,JHSAA,current,8A,Caswell I-50 Technical|girls,0,,
Zachary Taylor,Port Veles,Bidwell,Selquah,1685.0,8A,JHSAA,current,8A,Igor Chernov|girls,0,,
Sherwood Bench,Ashbury,Marlow,Ashbury Metro,1654.0,8A,JHSAA,current,8A,St. Sebastian Prep North|girls,0,,
Okefenokee,Belmonte,Halbrook,Halbrook Basin,1652.0,8A,JHSAA,current,8A,Javier Alvarado|girls,0,,
Xavier College Prep,Mercer City,Ferris,Gold Valley,1646.0,8A,JHSAA,current,8A,Harlan Tillman|girls,1,,
Chesapeake,Port Veles,Bidwell,Selquah,1638.0,8A,JHSAA,current,8A,Sofia Romanov|girls,0,,
Cape Jean,Caswell,Halbrook,Halbrook Basin,1636.0,8A,JHSAA,current,7A,Adela Villaseñor|girls,0,,
Petoskey Rock,Belyakov,Vance,Halbrook Basin,1634.0,8A,JHSAA,current,7A,Amalia Escobedo|girls,0,,
Bellarmine Prep,Serrano,Halbrook,Halbrook Basin,1632.0,8A,JHSAA,current,7A,Edith Hart|girls,1,,
Olivet County,Bracken,Olivet,Yarrowmere,1632.0,8A,JHSAA,current,7A,Olivet County|girls,0,,
Narragansett,Port Veles,Bidwell,Selquah,1630.0,8A,JHSAA,current,7A,Roscoe Bennett North|girls,0,,
Trois Ilets,Belyakov,Vance,Halbrook Basin,1629.0,8A,JHSAA,current,7A,José Martí|girls,0,,
Mercer City,Mercer City,Ferris,Gold Valley,1625.0,8A,JHSAA,current,7A,Mercer City|girls,0,,
Commonwealth,St. Varian,Marlow,Ashbury Metro,1613.0,8A,JHSAA,current,7A,Commonwealth|girls,0,,
Brookmont,Ansotegui Siding,Camas,Ashbury Metro,1596.0,8A,JHSAA,current,7A,Brookmont|girls,0,,
Indigo Rim,Serrano,Halbrook,Halbrook Basin,1588.0,8A,JHSAA,current,7A,Indigo Rim|girls,0,,
North San Francisco,North San Francisco,Ferris,Gold Valley,1587.0,8A,JHSAA,current,7A,Cedarport|girls,0,,
Veles Harbor,Port Veles,Bidwell,Selquah,1582.0,8A,JHSAA,current,7A,Nathaniel Cross|girls,0,,
Santa Cruz del Norte,Santa Cruz del Norte,San Marcos,Sebastian Cape,1581.0,8A,JHSAA,current,7A,Santa Cruz del Norte|girls,0,,
Selbyville,Selbyville,Camas,Ashbury Metro,1579.0,8A,JHSAA,current,7A,Selbyville|girls,0,,
Tallulah Central,Ashbury,Marlow,Ashbury Metro,1577.0,8A,JHSAA,current,7A,Ashbury Central|girls,0,,
St. Francis Catholic,Los Robles,Marlow,Ashbury Metro,1575.0,8A,JHSAA,current,7A,Amos Moss|girls,1,,
Cook City,Cook City,Featherstone,Southern Jefferson,1568.0,8A,JHSAA,current,7A,Ewart City|girls,0,,
Klamath Exchange,San Cordero,Tamarack,Cascade Divide,1564.0,8A,JHSAA,current,7A,Ruby Stokes|girls,0,,
Azurite,Copper Lake,Camas,Ashbury Metro,1550.0,8A,JHSAA,current,7A,Copper Lake West|girls,0,,
Serenity Valley,Valderra,Ferris,Gold Valley,1550.0,8A,JHSAA,current,7A,Thelma Moss North|girls,0,,
Pinebluffs,Ansotegui Siding,Camas,Ashbury Metro,1548.0,8A,JHSAA,current,7A,Ansotegui Siding Commonwealth|girls,0,,
Junction,Ashbury,Marlow,Ashbury Metro,1547.0,8A,JHSAA,current,7A,Academy of Arts and Communication|girls,0,,
Mission Terrace,Norview,Marlow,Ashbury Metro,1544.0,8A,JHSAA,current,7A,Mission Terrace|girls,0,,
Juniper Agricultural,Cortland,Ferris,Gold Valley,1539.0,8A,JHSAA,current,7A,Nathaniel Ward|girls,0,,
Maxwell Park,San Telmo,Ferris,Gold Valley,1537.0,7A,JHSAA,current,7A,Walter Langston|girls,0,,
Vespertine,Vespertine,Sablewood,Gold Valley,1534.0,7A,JHSAA,current,7A,Vespertine|girls,0,,
Vicksburg,San Borondón,San Marcos,Sebastian Cape,1533.0,7A,JHSAA,current,7A,Daniel Gaines|girls,0,,
St. Agnes Academy,Belyakov,Vance,Halbrook Basin,1527.0,7A,JHSAA,current,7A,St. Agnes Academy|girls,1,,
Swiss Hills Prep,Port Veles,Bidwell,Selquah,1520.0,7A,JHSAA,current,7A,St. Helena College Prep|girls,1,,
Sluice Crossing,Sluice Crossing,Goldbank,Southern Jefferson,1519.0,7A,JHSAA,current,7A,Sluice Crossing|girls,0,,
Albany Park,Fort Carden,Tamarack,Cascade Divide,1518.0,7A,JHSAA,current,7A,Winifred Booker|girls,0,,
Lost River Irrigation,Los Robles,Marlow,Ashbury Metro,1518.0,7A,JHSAA,current,7A,Winifred Davenport|girls,0,,
Covenant,Calder,Rimrock,Juniper Highlands,1501.0,7A,JHSAA,current,7A,Nicolás Quiñones|girls,0,,
Starlight,Starlight,Halbrook,Halbrook Basin,1498.0,7A,JHSAA,current,7A,Starlight|girls,0,,
Copper Lake,Copper Lake,Camas,Ashbury Metro,1489.0,7A,JHSAA,current,7A,Copper Lake|girls,0,,
Pendleton Heights,Moriarty,Ferris,Gold Valley,1489.0,7A,JHSAA,current,7A,Ruby Mercer|girls,0,,
Bywater,Montelago,Ferris,Gold Valley,1487.0,7A,JHSAA,current,7A,Matteo Dahl|girls,0,,
Orchard Union,San Telmo,Ferris,Gold Valley,1474.0,7A,JHSAA,current,7A,San Telmo Agricultural Sciences Academy|girls,0,,
Crown Hill,Rye,Marlow,Ashbury Metro,1473.0,7A,JHSAA,current,7A,Crown Hill|girls,0,,
Hagerstown,Belmonte,Halbrook,Halbrook Basin,1472.0,7A,JHSAA,current,7A,James Madison North|girls,0,,
Delbarton,Halbrook,Halbrook,Halbrook Basin,1471.0,7A,JHSAA,current,7A,Delbarton|girls,1,,
Ditch Fork,Ditch Fork,Goldbank,Southern Jefferson,1462.0,7A,JHSAA,current,7A,Ditch Fork|girls,0,,
Christian Brothers,San Borondón,San Marcos,Sebastian Cape,1461.0,7A,JHSAA,current,7A,Nikolai Markov|girls,1,,
Rumsfeld Hill,San Borondón,San Marcos,Sebastian Cape,1457.0,7A,JHSAA,current,7A,San Borondón Civic Academy|girls,1,,
James Madison,Belmonte,Halbrook,Halbrook Basin,1453.0,7A,JHSAA,current,7A,Belmonte Classical Academy|girls,0,,
Alameda,Ashbury,Marlow,Ashbury Metro,1447.0,7A,JHSAA,current,7A,Ashbury East|girls,0,,
Alder Crossing,Boyerstown,Marlow,Ashbury Metro,1444.0,7A,JHSAA,current,7A,Boyerstown North|girls,0,,
Lighthouse,Fort Meriwether,Weller,Selquah,1441.0,7A,JHSAA,current,7A,Breakwater North|girls,0,,
Olive Head,Olive Head,Kernwood,Yarrowmere,1423.0,7A,JHSAA,current,7A,Olive Head|girls,0,,
Squier Park,Montelago,Ferris,Gold Valley,1422.0,7A,JHSAA,current,7A,Isaiah Price|girls,0,,
Mesa Cooperative,Santa Cruz del Norte,San Marcos,Sebastian Cape,1421.0,7A,JHSAA,current,7A,Winifred Stokes|girls,0,,
Benjamin Banneker,Belmonte,Halbrook,Halbrook Basin,1420.0,7A,JHSAA,current,7A,Benjamin Banneker|girls,0,,
El Sereno,Bahía Leal,San Marcos,Sebastian Cape,1420.0,7A,JHSAA,current,7A,Isabel Lucero|girls,0,,
Prairie Union,Halbrook,Halbrook,Halbrook Basin,1418.0,7A,JHSAA,current,7A,Halbrook Union|girls,0,,
Lakewood,San Cordero,Tamarack,Cascade Divide,1416.0,7A,JHSAA,current,7A,Gwendolyn Brooks North|girls,0,,
Port Meridian South,Port Meridian,Bidwell,Selquah,1405.0,7A,JHSAA,current,7A,Port Meridian South|girls,0,,
Romare Bearden,Serrano,Halbrook,Halbrook Basin,1402.0,7A,JHSAA,current,7A,Romare Bearden|girls,0,,
Cherry Hill East,Caswell,Halbrook,Halbrook Basin,1398.0,7A,JHSAA,current,7A,Cherry Hill East|girls,0,,
Bellacosta,Bellacosta,Ferris,Gold Valley,1397.0,7A,JHSAA,current,7A,Bellacosta|girls,0,,
Bahía Leal,Bahía Leal,San Marcos,Sebastian Cape,1384.0,7A,JHSAA,current,7A,Bahía Leal|girls,0,,
Bellefontaine,Belyakov,Vance,Halbrook Basin,1376.0,7A,JHSAA,current,7A,Orchard Gate|girls,0,,
Sacred Heart Cathedral,Santa Michaela,Bidwell,Selquah,1371.0,7A,JHSAA,current,7A,Zoya Orlov|girls,1,,
Tensas,San Borondón,San Marcos,Sebastian Cape,1371.0,7A,JHSAA,current,7A,Daniel Gaines North|girls,0,,
Morne Rouge,Belyakov,Vance,Halbrook Basin,1370.0,7A,JHSAA,current,7A,Lorraine Calder|girls,0,,
Canyonlands,Arrieta,Halbrook,Halbrook Basin,1361.0,7A,JHSAA,current,7A,Arrieta Treasure Valley|girls,0,,
Kettle Ridge,Port Meridian,Bidwell,Selquah,1359.0,7A,JHSAA,current,7A,Kettle Ridge|girls,0,,
Observatory,Starlight,Halbrook,Halbrook Basin,1357.0,7A,JHSAA,current,7A,Starlight School of Science and Industry|girls,0,,
Ortega Terrace,Norview,Marlow,Ashbury Metro,1355.0,7A,JHSAA,current,7A,Mission Terrace North|girls,0,,
Reyes Landing,Puerto de los Reyes,San Marcos,Sebastian Cape,1352.0,7A,JHSAA,current,7A,Puerto de los Reyes School of Commerce|girls,0,,
Lone Pine Mutual,Lake Esperanza,Ferris,Gold Valley,1350.0,7A,JHSAA,current,7A,Thomas Jansen|girls,0,,
Los Robles,Los Robles,Marlow,Ashbury Metro,1350.0,7A,JHSAA,current,7A,Los Robles|girls,0,,
Benjamin Harrison,Port Veles,Bidwell,Selquah,1348.0,7A,JHSAA,current,7A,Marina Moroz North|girls,0,,
Wicomico,Port Veles,Bidwell,Selquah,1348.0,7A,JHSAA,current,7A,Walter Hart North|girls,0,,
Clinton,Port Veles,Bidwell,Selquah,1346.0,7A,JHSAA,current,7A,Port Veles East|girls,0,,
Malheur Flat,Lake Esperanza,Ferris,Gold Valley,1343.0,7A,JHSAA,current,7A,Lake Esperanza South|girls,0,,
Fillmore,Port Veles,Bidwell,Selquah,1342.0,7A,JHSAA,current,7A,Igor Chernov North|girls,0,,
Topanga,Valderra,Ferris,Gold Valley,1342.0,7A,JHSAA,current,7A,Greta Adler|girls,0,,
Bogue Chitto,San Borondón,San Marcos,Sebastian Cape,1332.0,7A,JHSAA,current,7A,Vernon Moss North|girls,0,,
Wheeler Academy,Halbrook,Halbrook,Halbrook Basin,1332.0,7A,JHSAA,current,7A,Wheeler Academy|girls,1,,
Monongahela,Belmonte,Halbrook,Halbrook Basin,1324.0,7A,JHSAA,current,7A,Andrés Ibarra|girls,0,,
Henson Prep,Port Veles,Bidwell,Selquah,1323.0,7A,JHSAA,current,7A,Port Veles Civic Academy|girls,1,,
Parkside,Ansotegui Siding,Camas,Ashbury Metro,1323.0,7A,JHSAA,current,7A,Parkside|girls,0,,
Ralph Bellamy,Weissburg,Halbrook,Halbrook Basin,1323.0,7A,JHSAA,current,7A,Ralph Bellamy|girls,0,,
Providence Catholic,Gagarin,Sablewood,Gold Valley,1319.0,7A,JHSAA,current,6A,Naomi Ellison|girls,1,,
Brookside,Carroway,Rimrock,Juniper Highlands,1308.0,7A,JHSAA,current,6A,Katherine Whitaker|girls,0,,
Bridgewater,Copper Lake,Camas,Ashbury Metro,1306.0,7A,JHSAA,current,6A,Copper Lake East|girls,0,,
Fallon Works,Puerto de los Reyes,San Marcos,Sebastian Cape,1306.0,7A,JHSAA,current,6A,Janice Cole|girls,0,,
Cahaba,Belmonte,Halbrook,Halbrook Basin,1304.0,7A,JHSAA,current,6A,Elena Mendoza North|girls,0,,
Redfork West,Redfork,Tamarack,Cascade Divide,1304.0,7A,JHSAA,current,6A,Redfork West|girls,0,,
Tuscarora,Belmonte,Halbrook,Halbrook Basin,1304.0,7A,JHSAA,current,6A,I-50 Technical North|girls,0,,
Obama,Port Veles,Bidwell,Selquah,1302.0,7A,JHSAA,current,6A,Ralph Booker|girls,0,,
Oakhaven,Hawk Lake,Camas,Ashbury Metro,1299.0,7A,JHSAA,current,6A,Hawk Lake Eastgate|girls,0,,
Plainfield,Plainfield,Antler,Alderwold,1297.0,7A,JHSAA,current,6A,Plainfield Science|girls,0,,
Saint Marc,Belyakov,Vance,Halbrook Basin,1297.0,7A,JHSAA,current,6A,Mikhail Sidorov|girls,0,,
West El Paso,West El Paso,Goldbank,Southern Jefferson,1297.0,7A,JHSAA,current,6A,Gulch Bend|girls,0,,
Natchez Prep,San Borondón,San Marcos,Sebastian Cape,1285.0,7A,JHSAA,current,6A,St. Nicholas College Prep|girls,1,,
Springfield,Orellana,Vance,Halbrook Basin,1281.0,7A,JHSAA,current,6A,Canal View|girls,0,,
Gentilly,Valderra,Ferris,Gold Valley,1275.0,7A,JHSAA,current,6A,Rita Moreno North|girls,0,,
Glen Park,Emerson,Halbrook,Halbrook Basin,1275.0,7A,JHSAA,current,6A,Lucía Villaseñor|girls,0,,
Marigny,San Borondón,San Marcos,Sebastian Cape,1271.0,7A,JHSAA,current,6A,Nikolai Markov North|girls,0,,
Kingston,Llerena,Halbrook,Halbrook Basin,1262.0,7A,JHSAA,current,6A,St. Brigid Preparatory|girls,1,,
Valley Christian,New Leiden,Tamarack,Cascade Divide,1260.0,7A,JHSAA,current,6A,Valley Christian|girls,1,,
Belmonte Collegiate,Belmonte,Halbrook,Halbrook Basin,1257.0,7A,JHSAA,current,6A,Belmonte International School|girls,1,,
St. Vincent,Port Veles,Bidwell,Selquah,1257.0,7A,JHSAA,current,6A,St. Vincent School|girls,1,,
Natchez,Belmonte,Halbrook,Halbrook Basin,1254.0,7A,JHSAA,current,6A,Depot High North|girls,0,,
Valley Forge,Valderra,Ferris,Gold Valley,1247.0,7A,JHSAA,current,6A,Valley Forge|girls,0,,
Bridgeport,Valderra,Ferris,Gold Valley,1243.0,7A,JHSAA,current,6A,Jean Lindgren|girls,0,,
Heron Slough,Caswell,Halbrook,Halbrook Basin,1241.0,7A,JHSAA,current,6A,Heron Slough|girls,0,,
Cordero Junction,San Cordero,Tamarack,Cascade Divide,1235.0,7A,JHSAA,current,6A,San Cordero East|girls,0,,
Belmonte,Belmonte,Halbrook,Halbrook Basin,1225.0,7A,JHSAA,current,6A,Belmonte|girls,0,,
Archbishop Doyle Prep,Halbrook,Halbrook,Halbrook Basin,1214.0,6A,JHSAA,current,6A,Archbishop Doyle Prep|girls,1,,
St. Varian,St. Varian,Marlow,Ashbury Metro,1212.0,6A,JHSAA,current,6A,St. Varian|girls,0,,
Casa Linda,Llerena,Halbrook,Halbrook Basin,1211.0,6A,JHSAA,current,6A,Javier Cárdenas North|girls,0,,
Pawnee,Caswell,Halbrook,Halbrook Basin,1206.0,6A,JHSAA,current,6A,Andrés Valera North|girls,0,,
Manzanita Ridge,Caswell,Halbrook,Halbrook Basin,1204.0,6A,JHSAA,current,6A,Manzanita Ridge|girls,0,,
Windmill Ridge,Moriarty,Ferris,Gold Valley,1203.0,6A,JHSAA,current,6A,Moriarty Foundry High|girls,0,,
Navrang,Navrang,Rimrock,Juniper Highlands,1202.0,6A,JHSAA,current,6A,Navrang|girls,0,,
Dry Lake,Three Saints,Rimrock,Juniper Highlands,1201.0,6A,JHSAA,current,6A,Dry Lake|girls,0,,
Maritime,Madrigal,Halbrook,Halbrook Basin,1199.0,6A,JHSAA,current,6A,Madrigal Maritime Academy|girls,0,,
Pelican Town,Belmonte,Halbrook,Halbrook Basin,1192.0,6A,JHSAA,current,6A,Belmonte Agricultural Sciences Academy|girls,0,,
Caney,Belmonte,Halbrook,Halbrook Basin,1190.0,6A,JHSAA,current,6A,Treasure Valley|girls,0,,
Calvin Coolidge,Port Veles,Bidwell,Selquah,1187.0,6A,JHSAA,current,6A,Nadia Chernov|girls,0,,
Doyle Ridge,Halbrook,Halbrook,Halbrook Basin,1185.0,6A,JHSAA,current,6A,Archbishop Doyle Prep North|girls,0,,
Empire Milling,Carroway,Rimrock,Juniper Highlands,1185.0,6A,JHSAA,current,6A,Frances Gaines|girls,0,,
Puerto Gallego,Puerto Gallego,San Marcos,Sebastian Cape,1185.0,6A,JHSAA,current,6A,Puerto Gallego|girls,0,,
Savane Brulee,Belyakov,Vance,Halbrook Basin,1184.0,6A,JHSAA,current,6A,Coyote Draw|girls,0,,
Bois Neuf,Belyakov,Vance,Halbrook Basin,1181.0,6A,JHSAA,current,6A,Orchard Gate North|girls,0,,
Rita Moreno,Valderra,Ferris,Gold Valley,1179.0,6A,JHSAA,current,6A,Rita Moreno|girls,0,,
Antelope Butte,San Cordero,Tamarack,Cascade Divide,1172.0,6A,JHSAA,current,6A,Antelope Butte|girls,0,,
Perryville,Perryville,Marlow,Ashbury Metro,1169.0,6A,JHSAA,current,6A,Petra Bianchi|girls,0,,
Tidewater Catholic,Port Veles,Bidwell,Selquah,1164.0,6A,JHSAA,current,6A,St. Elias School|girls,1,,
Calder,Calder,Rimrock,Juniper Highlands,1163.0,6A,JHSAA,current,6A,Calder|girls,0,,
Stone Ridge,Caswell,Halbrook,Halbrook Basin,1157.0,6A,JHSAA,current,6A,Salvador Montalvo North|girls,0,,
Paul Robeson,Emerson,Halbrook,Halbrook Basin,1156.0,6A,JHSAA,current,6A,Paul Robeson|girls,0,,
Adams,Port Veles,Bidwell,Selquah,1151.0,6A,JHSAA,current,6A,Nadia Sidorov|girls,0,,
St. Ignatius,Belmonte,Halbrook,Halbrook Basin,1151.0,6A,JHSAA,current,6A,St. Basil School|girls,1,,
Bahía Vista,San Borondón,San Marcos,Sebastian Cape,1150.0,6A,JHSAA,current,6A,Tatiana Chernov North|girls,0,,
Hawk Lake,Hawk Lake,Camas,Ashbury Metro,1143.0,6A,JHSAA,current,6A,Hawk Lake|girls,0,,
Golden State Packing,San Joaquín,Marlow,Ashbury Metro,1141.0,6A,JHSAA,current,6A,Naomi Ward|girls,0,,
Iron Gate Works,Altamonte,Juniper,Juniper Highlands,1141.0,6A,JHSAA,current,6A,Thelma Stokes|girls,0,,
George Washington Carver,Plainfield,Antler,Alderwold,1140.0,6A,JHSAA,current,6A,George Washington Carver|girls,0,,
Paddock County,New Piscataway,Paddock,Yarrowmere,1139.0,6A,JHSAA,current,6A,Paddock County|girls,0,,
Severn,Port Veles,Bidwell,Selquah,1130.0,6A,JHSAA,current,6A,Port Veles Civic Leadership Academy|girls,0,,
Tomales Bay,San Telmo,Ferris,Gold Valley,1129.0,6A,JHSAA,current,6A,Harold Calder|girls,0,,
Rutherford Hayes,Port Veles,Bidwell,Selquah,1124.0,6A,JHSAA,current,6A,Marcus Langston|girls,0,,
Mission Butte,San Cordero,Tamarack,Cascade Divide,1121.0,6A,JHSAA,current,6A,San Cordero Maritime Academy|girls,0,,
Kokomo,Belmonte,Halbrook,Halbrook Basin,1119.0,6A,JHSAA,current,6A,Belmonte Northwest|girls,0,,
Christchurch Episcopal,Port Veles,Bidwell,Selquah,1117.0,6A,JHSAA,current,6A,Ralph Booker North|girls,1,,
Dusty Spur,Belmonte,Halbrook,Halbrook Basin,1106.0,6A,JHSAA,current,6A,Belmonte Health Sciences Academy|girls,0,,
Blue Grama,Moriarty,Ferris,Gold Valley,1105.0,6A,JHSAA,current,6A,Lorna Booker|girls,0,,
Lycee Valmont,Belyakov,Vance,Halbrook Basin,1087.0,6A,JHSAA,current,6A,Belyakov River Plain North|girls,1,,
San Dámaso,San Dámaso,Bidwell,Selquah,1086.0,6A,JHSAA,current,6A,San Dámaso|girls,0,,
Shenango,Belmonte,Halbrook,Halbrook Basin,1086.0,6A,JHSAA,current,6A,Javier Alvarado North|girls,0,,
Nightfall,Vespertine,Sablewood,Gold Valley,1084.0,6A,JHSAA,current,6A,Pauli Booker|girls,0,,
Bolinas,Weissburg,Halbrook,Halbrook Basin,1081.0,6A,JHSAA,current,6A,Ander Arrieta|girls,0,,
Carrollton,San Cordero,Tamarack,Cascade Divide,1080.0,6A,JHSAA,current,6A,Thurgood Marshall North|girls,0,,
Lake Esperanza,Lake Esperanza,Ferris,Gold Valley,1078.0,6A,JHSAA,current,6A,Lake Esperanza|girls,0,,
Chaminade,Ashbury,Marlow,Ashbury Metro,1074.0,6A,JHSAA,current,6A,Chaminade|girls,1,,
St. Perpetua,Halbrook,Halbrook,Halbrook Basin,1073.0,6A,JHSAA,current,6A,St. Perpetua|girls,1,,
Carden Pass,Fort Carden,Tamarack,Cascade Divide,1072.0,6A,JHSAA,current,6A,Winifred Booker North|girls,0,,
San Telmo,San Telmo,Ferris,Gold Valley,1069.0,6A,JHSAA,current,6A,San Telmo|girls,0,,
Moriarty,Moriarty,Ferris,Gold Valley,1063.0,6A,JHSAA,current,6A,Moriarty|girls,0,,
Cleveland,Port Veles,Bidwell,Selquah,1058.0,6A,JHSAA,current,6A,Marina Moroz|girls,0,,
Llerena,Llerena,Halbrook,Halbrook Basin,1058.0,6A,JHSAA,current,6A,Llerena|girls,0,,
Ironworks,Fort Meriwether,Weller,Selquah,1047.0,6A,JHSAA,current,6A,Fort Meriwether Foundry High|girls,0,,
Archbishop Valois,Belyakov,Vance,Halbrook Basin,1043.0,6A,JHSAA,current,6A,Viktor Antonov|girls,1,,
Liberty Hill,Carroway,Rimrock,Juniper Highlands,1029.0,6A,JHSAA,current,6A,Carroway School of Public Service|girls,0,,
Cascade Christian,Vespertine,Sablewood,Gold Valley,1023.0,6A,JHSAA,current,6A,Marcus Mercer|girls,1,,
Eastgate North,Boyerstown,Marlow,Ashbury Metro,1022.0,6A,JHSAA,current,6A,Eastgate North|girls,0,,
Emerson,Emerson,Halbrook,Halbrook Basin,1022.0,6A,JHSAA,current,6A,Emerson|girls,0,,
Kernwood County,Quill,Kernwood,Yarrowmere,1022.0,6A,JHSAA,current,6A,Kernwood County|girls,0,,
Dry Creek Cooperative,Boyerstown,Marlow,Ashbury Metro,1020.0,6A,JHSAA,current,5A,Opal Stokes|girls,0,,
Furrow Crossing,Furrow Crossing,Barlowe,Halbrook Basin,1019.0,6A,JHSAA,current,5A,Furrow Crossing|girls,0,,
Hazel Country Day,San Borondón,San Marcos,Sebastian Cape,1019.0,6A,JHSAA,current,5A,San Borondón Country Day School|girls,1,,
Welsh Plains,Welsh Plains,Paddock,Yarrowmere,1019.0,6A,JHSAA,current,5A,Welsh Plains|girls,0,,
Biden,Port Veles,Bidwell,Selquah,1006.0,6A,JHSAA,current,5A,Port Veles Agricultural Sciences Academy|girls,0,,
Serrano,Serrano,Halbrook,Halbrook Basin,1006.0,6A,JHSAA,current,5A,Serrano|girls,0,,
St. Catherine Academy,St. Varian,Marlow,Ashbury Metro,1006.0,6A,JHSAA,current,5A,Nathaniel Gaines|girls,1,,
Kittery,Port Veles,Bidwell,Selquah,1005.0,6A,JHSAA,current,5A,Walter Hart|girls,0,,
Olive Reach,Olive Reach,Kernwood,Yarrowmere,998.0,6A,JHSAA,current,5A,Olive Reach|girls,0,,
Perry Green,Perryville,Marlow,Ashbury Metro,996.0,6A,JHSAA,current,5A,Perryville Civic Leadership Academy|girls,0,,
San Borondón,San Borondón,San Marcos,Sebastian Cape,994.0,6A,JHSAA,current,5A,San Borondón|girls,0,,
Rock on the Hill Christian Academy,Belmonte,Halbrook,Halbrook Basin,993.0,6A,JHSAA,current,5A,Belmonte Collegiate Academy|girls,1,,
Central West End,Telfair,Rimrock,Juniper Highlands,992.0,6A,JHSAA,current,5A,Edith Ward|girls,0,,
Gerald Ford,Port Veles,Bidwell,Selquah,990.0,6A,JHSAA,current,5A,Opal Avery|girls,0,,
Kingwood,Santa Cruz del Norte,San Marcos,Sebastian Cape,987.0,6A,JHSAA,current,5A,Winifred Ellison|girls,0,,
Highland Park,Belmonte,Halbrook,Halbrook Basin,985.0,6A,JHSAA,current,5A,Iker Aramburu North|girls,0,,
Kenwood,Madrigal,Halbrook,Halbrook Basin,978.0,6A,JHSAA,current,5A,Javier Castañeda|girls,0,,
Fairgrounds,Telfair,Rimrock,Juniper Highlands,977.0,6A,JHSAA,current,5A,Tomás Mendoza|girls,0,,
Sandhill Marsh,Cortland,Ferris,Gold Valley,967.0,6A,JHSAA,current,5A,Sandhill Marsh|girls,0,,
Saint Francis,Port Meridian,Bidwell,Selquah,966.0,6A,JHSAA,current,5A,Saint Francis|girls,1,,
Benchton,Benchton,Barlowe,Halbrook Basin,965.0,6A,JHSAA,current,5A,Benchton|girls,0,,
Morne Caribou Polytechnic,Belyakov,Vance,Halbrook Basin,961.0,6A,JHSAA,current,5A,Belyakov Polytechnic Institute|girls,0,,
Gate City,Barclay,Ferris,Gold Valley,960.0,6A,JHSAA,current,5A,Barclay Golden Gate|girls,0,,
Esperanza Basin,Lake Esperanza,Ferris,Gold Valley,956.0,6A,JHSAA,current,5A,Thomas Jansen North|girls,0,,
Garrow,Garrow,Kernwood,Yarrowmere,956.0,6A,JHSAA,current,5A,Garrow|girls,0,,
East Burlington,Leidesdorff,Sablewood,Gold Valley,953.0,5A,JHSAA,current,5A,Leidesdorff Academy of Music and Media|girls,0,,
Fruitvale,Halbrook,Halbrook,Halbrook Basin,949.0,5A,JHSAA,current,5A,Vasquez|girls,0,,
Star City,Gagarin,Sablewood,Gold Valley,949.0,5A,JHSAA,current,5A,Gagarin School of Public Service|girls,0,,
Wales City,Wales City,Weller,Selquah,949.0,5A,JHSAA,current,5A,Wales City|girls,0,,
Clover Reach,Clover Reach,Olivet,Yarrowmere,948.0,5A,JHSAA,current,5A,Clover Reach|girls,0,,
Grand Fond,Belyakov,Vance,Halbrook Basin,947.0,5A,JHSAA,current,5A,Belyakov River Plain|girls,0,,
Petoskey,Belmonte,Halbrook,Halbrook Basin,946.0,5A,JHSAA,current,5A,Treasure Valley North|girls,0,,
Boyerstown,Boyerstown,Marlow,Ashbury Metro,944.0,5A,JHSAA,current,5A,Boyerstown|girls,0,,
Juniper Ridge,Navrang,Rimrock,Juniper Highlands,938.0,5A,JHSAA,current,5A,Juniper Ridge|girls,0,,
Tindall,Tindall,Camas,Ashbury Metro,931.0,5A,JHSAA,current,5A,Tindall|girls,0,,
Verde Highlands,Bahía Leal,San Marcos,Sebastian Cape,930.0,5A,JHSAA,current,5A,Costa Verde North|girls,0,,
Benchlands,Madrigal,Halbrook,Halbrook Basin,929.0,5A,JHSAA,current,5A,Madrigal West Bench|girls,0,,
Pear Slough,Pear Slough,Barlowe,Halbrook Basin,929.0,5A,JHSAA,current,5A,Pear Slough|girls,0,,
Abbey Prep,Port Meridian,Bidwell,Selquah,923.0,5A,JHSAA,current,5A,Abbey Prep|girls,1,,
Pine Barrens,Hawk Lake,Camas,Ashbury Metro,921.0,5A,JHSAA,current,5A,Hawk Lake Southeast|girls,0,,
Sea Cliff,Orlova,Tamarack,Cascade Divide,920.0,5A,JHSAA,current,5A,Mila Melnick|girls,0,,
John Quincy Adams,St. Varian,Marlow,Ashbury Metro,913.0,5A,JHSAA,current,5A,Sofía Cordero|girls,0,,
Lateral Seven,Orellana,Vance,Halbrook Basin,913.0,5A,JHSAA,current,5A,Canal View North|girls,0,,
Foxtail Meadows,Port Veles,Bidwell,Selquah,910.0,5A,JHSAA,current,5A,Foxtail Meadows|girls,0,,
Willow Creek,Lake Esperanza,Ferris,Gold Valley,906.0,5A,JHSAA,current,5A,Willow Creek|girls,0,,
St. Olga College Prep,Mercer City,Ferris,Gold Valley,904.0,5A,JHSAA,current,5A,St. Olga College Prep|girls,1,,
Rye,Rye,Marlow,Ashbury Metro,900.0,5A,JHSAA,current,5A,Rye|girls,0,,
Cheney,Port Veles,Bidwell,Selquah,899.0,5A,JHSAA,current,5A,Sofia Romanov North|girls,0,,
Barley Point,Rye,Marlow,Ashbury Metro,896.0,5A,JHSAA,current,5A,Rye Academy of Arts and Letters|girls,0,,
Natchitoches Catholic,San Borondón,San Marcos,Sebastian Cape,894.0,5A,JHSAA,current,5A,St. Casimir Preparatory|girls,1,,
Providence Academy,Ashbury,Marlow,Ashbury Metro,888.0,5A,JHSAA,current,5A,Providence Academy|girls,1,,
Belle Rive,Belyakov,Vance,Halbrook Basin,885.0,5A,JHSAA,current,5A,José Martí North|girls,0,,
Chester A. Arthur,Caswell,Halbrook,Halbrook Basin,884.0,5A,JHSAA,current,5A,Caswell School of Science and Industry|girls,0,,
Cascade Mutual,Loomis City,Camas,Ashbury Metro,881.0,5A,JHSAA,current,5A,Elias Mercier|girls,0,,
Nanticoke,Port Veles,Bidwell,Selquah,881.0,5A,JHSAA,current,5A,Amelia Freeman|girls,0,,
Elk River Power,San Tomás,Ferris,Gold Valley,879.0,5A,JHSAA,current,5A,Xavier Robles|girls,0,,
Loomis City,Loomis City,Camas,Ashbury Metro,877.0,5A,JHSAA,current,5A,Loomis City|girls,0,,
Chickasaw,Belmonte,Halbrook,Halbrook Basin,876.0,5A,JHSAA,current,5A,Jon Etxeberria North|girls,0,,
Cholla Flats,Serrano,Halbrook,Halbrook Basin,871.0,5A,JHSAA,current,5A,Serrano Depot High|girls,0,,
Port Veles Lutheran,Port Veles,Bidwell,Selquah,865.0,5A,JHSAA,current,5A,Nathaniel Cross North|girls,1,,
Roscoe Village,Valderra,Ferris,Gold Valley,863.0,5A,JHSAA,current,5A,Thelma Moss|girls,0,,
Veles Central,Port Veles,Bidwell,Selquah,862.0,5A,JHSAA,current,5A,Port Veles|girls,0,,
East Range Agricultural,Blackpine,Antler,Alderwold,860.0,5A,JHSAA,current,5A,Svenja Adler|girls,0,,
Hackensack,Belmonte,Halbrook,Halbrook Basin,860.0,5A,JHSAA,current,5A,Woodrow Wilson North|girls,0,,
Grace Lee Boggs,Norview,Marlow,Ashbury Metro,858.0,5A,JHSAA,current,5A,Grace Lee Boggs|girls,0,,
Metropolitan Country Day,Ashbury,Marlow,Ashbury Metro,856.0,5A,JHSAA,current,5A,Metropolitan Country Day School|girls,1,,
Sisters of Mercy,Ashbury,Marlow,Ashbury Metro,854.0,5A,JHSAA,current,5A,Sisters of Mercy|girls,1,,
George H. W. Bush,Port Veles,Bidwell,Selquah,852.0,5A,JHSAA,current,5A,Opal Avery North|girls,0,,
Montpelier,Tindall,Camas,Ashbury Metro,851.0,5A,JHSAA,current,5A,Tindall Heights|girls,0,,
Norwood Park,Madrigal,Halbrook,Halbrook Basin,847.0,5A,JHSAA,current,5A,Edith Tillman|girls,0,,
Fort Meriwether,Fort Meriwether,Weller,Selquah,845.0,5A,JHSAA,current,5A,Fort Meriwether|girls,0,,
Pascagoula,Belmonte,Halbrook,Halbrook Basin,845.0,5A,JHSAA,current,5A,Benjamin Banneker North|girls,0,,
Casco,Port Veles,Bidwell,Selquah,834.0,5A,JHSAA,current,5A,Amelia Freeman North|girls,0,,
Juniper Well,Llerena,Halbrook,Halbrook Basin,834.0,5A,JHSAA,current,5A,Llerena East|girls,0,,
Pointe Coupee,San Borondón,San Marcos,Sebastian Cape,834.0,5A,JHSAA,current,5A,Claudette Cole North|girls,0,,
Meadowbrook,Wales City,Weller,Selquah,833.0,5A,JHSAA,current,5A,Katherine Bellamy|girls,0,,
Blackpine,Blackpine,Antler,Alderwold,825.0,5A,JHSAA,current,5A,Blackpine|girls,0,,
Tide Point,Fort Meriwether,Weller,Selquah,822.0,5A,JHSAA,current,5A,Breakwater|girls,0,,
Cedar Point,Llerena,Halbrook,Halbrook Basin,821.0,5A,JHSAA,current,5A,Viktor Kareva|girls,0,,
Wyalusing Providence,Ashbury,Marlow,Ashbury Metro,819.0,5A,JHSAA,current,5A,Providence Academy North|girls,0,,
Ketanji Brown Jackson,Belmonte,Halbrook,Halbrook Basin,815.0,5A,JHSAA,current,5A,Amaia Aramburu|girls,0,,
Kilbride Switch,Kilbride Switch,Olivet,Yarrowmere,815.0,5A,JHSAA,current,5A,Kilbride Switch|girls,0,,
Pacific Friends,Ashbury,Marlow,Ashbury Metro,814.0,5A,JHSAA,current,5A,Pacific Friends School|girls,1,,
Kelford,Kelford,Ferris,Gold Valley,813.0,5A,JHSAA,current,5A,Kelford|girls,0,,
Meyerland,San Tomás,Ferris,Gold Valley,806.0,5A,JHSAA,current,5A,Naomi Moss|girls,0,,
Sulphur Springs,Orellana,Vance,Halbrook Basin,798.0,5A,JHSAA,current,4A,Sulphur Springs|girls,0,,
Eisenhower,Sluice Crossing,Goldbank,Southern Jefferson,792.0,5A,JHSAA,current,4A,Eisenhower|girls,0,,
Evans Larsen Day,Ashbury,Marlow,Ashbury Metro,792.0,5A,JHSAA,current,4A,Jefferson School of Science and Technology North|girls,0,,
Ida B. Wells,San Joaquín,Marlow,Ashbury Metro,789.0,5A,JHSAA,current,4A,Ida B. Wells|girls,0,,
Millworks,Fellows Mill,Sablewood,Gold Valley,789.0,5A,JHSAA,current,4A,Fellows Mill Civic Leadership Academy|girls,0,,
Janeaway,Santa Laura,San Marcos,Sebastian Cape,786.0,5A,JHSAA,current,4A,Santa Laura North|girls,0,,
Westside Christian,Port Meridian,Bidwell,Selquah,786.0,5A,JHSAA,current,4A,Westside Christian|girls,1,,
Siberia,Belyakov,Vance,Halbrook Basin,782.0,5A,JHSAA,current,4A,Mila Chernov North|girls,0,,
Magnolia Park,Three Saints,Rimrock,Juniper Highlands,778.0,5A,JHSAA,current,4A,Isabel Montalvo|girls,0,,
Cottonrock Point,Garrow,Kernwood,Yarrowmere,776.0,5A,JHSAA,current,4A,Cottonrock Point|girls,0,,
Port Veles Episcopal,Port Veles,Bidwell,Selquah,775.0,5A,JHSAA,current,4A,Geraldine Cross|girls,1,,
Driftwood,Lake Esperanza,Ferris,Gold Valley,774.0,5A,JHSAA,current,4A,Marcus Price North|girls,0,,
Cliffside,San Borondón,San Marcos,Sebastian Cape,771.0,5A,JHSAA,current,4A,Adela Robles North|girls,0,,
Calasanz Prep,Plainfield,Antler,Alderwold,769.0,5A,JHSAA,current,4A,Calasanz Prep|girls,1,,
Weissburg,Weissburg,Halbrook,Halbrook Basin,766.0,5A,JHSAA,current,4A,Weissburg|girls,0,,
Las Norias,Las Norias,Ferris,Gold Valley,764.0,5A,JHSAA,current,4A,Las Norias|girls,0,,
Basalt Electric,Caswell,Halbrook,Halbrook Basin,762.0,5A,JHSAA,current,4A,Andrés Valera|girls,1,,
Fort Halloran,Fort Halloran,Marlow,Ashbury Metro,761.0,5A,JHSAA,current,4A,Beatrice Davenport|girls,0,,
Timberline,Ashbury,Marlow,Ashbury Metro,759.0,5A,JHSAA,current,4A,Timberline|girls,0,,
Buckeye Ridge,Olive Reach,Kernwood,Yarrowmere,754.0,5A,JHSAA,current,4A,Olive Reach North|girls,0,,
Northside Christian,Halbrook,Halbrook,Halbrook Basin,754.0,5A,JHSAA,current,4A,Northside Christian|girls,1,,
Harry Truman,Kilbride Switch,Olivet,Yarrowmere,748.0,5A,JHSAA,current,4A,Harry Truman|girls,0,,
Bracken Works,Wales City,Weller,Selquah,744.0,5A,JHSAA,current,4A,Renata Adler|girls,0,,
Herbert Hoover,Furrow Crossing,Barlowe,Halbrook Basin,742.0,5A,JHSAA,current,4A,Herbert Hoover|girls,0,,
Averill,Averill,Sablewood,Gold Valley,738.0,5A,JHSAA,current,4A,Averill|girls,0,,
De La Salle,Bellacosta,Ferris,Gold Valley,736.0,5A,JHSAA,current,4A,César Mendoza|girls,1,,
Harrisburgh,Valderra,Ferris,Gold Valley,731.0,4A,JHSAA,current,4A,Jean Lindgren North|girls,0,,
Jesse Jackson,San Dámaso,Bidwell,Selquah,730.0,4A,JHSAA,current,4A,San Dámaso Harbor Gate|girls,0,,
Fort Weller,Fort Weller,Weller,Selquah,729.0,4A,JHSAA,current,4A,Fort Salish|girls,0,,
Three Saints,Three Saints,Rimrock,Juniper Highlands,729.0,4A,JHSAA,current,4A,Three Saints|girls,0,,
Camas,Tindall,Camas,Ashbury Metro,728.0,4A,JHSAA,current,4A,Renata Dahl|girls,0,,
Sonia Sotomayor,Mount Horeb,Marlow,Ashbury Metro,727.0,4A,JHSAA,current,4A,Manuel Cordero|girls,0,,
Beacon Hill,Port Veles,Bidwell,Selquah,724.0,4A,JHSAA,current,4A,Beacon Hill|girls,0,,
Faith Academy,Santa Michaela,Bidwell,Selquah,722.0,4A,JHSAA,current,4A,Irina Kovalenko|girls,1,,
Tunnel Diggings,Tunnel Diggings,Goldbank,Southern Jefferson,718.0,4A,JHSAA,current,4A,Tunnel Diggings|girls,0,,
Lonepine Canyon,Tunnel Diggings,Goldbank,Southern Jefferson,714.0,4A,JHSAA,current,4A,Lonepine Canyon|girls,0,,
Black Springs,Black Springs,Antler,Alderwold,700.0,4A,JHSAA,activation,4A,EXP-N003,0,,
Ella Baker,Llerena,Halbrook,Halbrook Basin,699.0,4A,JHSAA,current,4A,Ella Baker|girls,0,,
Prune Springs,Prune Springs,Bardsley,Yarrowmere,698.0,4A,JHSAA,current,4A,Prune Springs|girls,0,,
Forge,Ashbury,Marlow,Ashbury Metro,696.0,4A,JHSAA,current,4A,Steelbridge|girls,0,,
Wyalusing,Belmonte,Halbrook,Halbrook Basin,696.0,4A,JHSAA,current,4A,Buckeye Bend|girls,0,,
San Cordero Central,San Cordero,Tamarack,Cascade Divide,695.0,4A,JHSAA,current,4A,San Cordero|girls,0,,
Arroyo Verde,Santa Michaela,Bidwell,Selquah,683.0,4A,JHSAA,current,4A,Irina Kovalenko North|girls,0,,
Excelsior,Los Maderos,Bidwell,Selquah,682.0,4A,JHSAA,current,4A,Maksim Karev|girls,0,,
Santa Laura,Santa Laura,San Marcos,Sebastian Cape,679.0,4A,JHSAA,current,4A,Santa Laura|girls,0,,
Coolidge,Olive Reach,Kernwood,Yarrowmere,676.0,4A,JHSAA,current,4A,Coolidge|girls,0,,
Indigo Bend,Furrow Crossing,Barlowe,Halbrook Basin,676.0,4A,JHSAA,current,4A,Indigo Bend|girls,0,,
Edgewater,Madrigal,Halbrook,Halbrook Basin,672.0,4A,JHSAA,current,4A,Lucía Quiñones|girls,0,,
Ravenwood,Blackpine,Antler,Alderwold,671.0,4A,JHSAA,current,4A,Blackpine North|girls,0,,
Fontainebleau,Halbrook,Halbrook,Halbrook Basin,668.0,4A,JHSAA,current,4A,Vasquez North|girls,0,,
Earl Warren,Fort Weller,Weller,Selquah,667.0,4A,JHSAA,current,4A,Isaiah Booker|girls,0,,
Arroyo Water District,Llerena,Halbrook,Halbrook Basin,661.0,4A,JHSAA,current,4A,Anya Belov|girls,0,,
Marlow,St. Varian,Marlow,Ashbury Metro,655.0,4A,JHSAA,current,4A,Gabriel Montoya|girls,0,,
Cahokia Mounds Catholic,Belmonte,Halbrook,Halbrook Basin,651.0,4A,JHSAA,current,4A,St. Basil Academy|girls,1,,
Walter-Kenny,Belyakov,Vance,Halbrook Basin,651.0,4A,JHSAA,current,4A,Belyakov Academy of Music and Media|girls,1,,
Fellows Mill,Fellows Mill,Sablewood,Gold Valley,647.0,4A,JHSAA,current,4A,Fellows Mill|girls,0,,
Gagarin,Gagarin,Sablewood,Gold Valley,644.0,4A,JHSAA,current,4A,Gagarin|girls,0,,
Toussaint,Halbrook,Halbrook,Halbrook Basin,642.0,4A,JHSAA,current,4A,Northside Christian North|girls,0,,
Cañada Irrigation,Rye,Marlow,Ashbury Metro,640.0,4A,JHSAA,current,4A,Teresa Escobedo|girls,0,,
Bois Rouge,Belyakov,Vance,Halbrook Basin,639.0,4A,JHSAA,current,4A,Viktor Antonov North|girls,0,,
Trinity Catholic,Summervale,Juniper,Juniper Highlands,634.0,4A,JHSAA,current,4A,Trinity Catholic|girls,1,,
Woodrow Wilson,Belmonte,Halbrook,Halbrook Basin,629.0,4A,JHSAA,current,4A,Belmonte Technical Arts Academy|girls,0,,
Borondón Mesa,San Borondón,San Marcos,Sebastian Cape,628.0,4A,JHSAA,current,4A,San Borondón East|girls,0,,
Westfield Friends,Fort Meriwether,Weller,Selquah,623.0,4A,JHSAA,current,4A,Fort Meriwether Foundry High North|girls,1,,
Doyle Pass,Doyle Pass,Rimrock,Juniper Highlands,620.0,4A,JHSAA,current,4A,Doyle Junction|girls,0,,
La Savane,Belyakov,Vance,Halbrook Basin,616.0,4A,JHSAA,current,4A,Sycamore Flat|girls,0,,
Ryken,Newark River,Weller,Selquah,616.0,4A,JHSAA,current,4A,Ryken|girls,1,,
St. Isidore,Averill,Sablewood,Gold Valley,613.0,4A,JHSAA,current,4A,St. Isidore|girls,1,,
Las Colinas,Valderra,Ferris,Gold Valley,611.0,4A,JHSAA,current,4A,Petra Weiss North|girls,0,,
Orlova,Orlova,Tamarack,Cascade Divide,609.0,4A,JHSAA,current,4A,Orlova|girls,0,,
Yuri Kochiyama,Los Alisos,Marlow,Ashbury Metro,608.0,4A,JHSAA,current,4A,Yuri Kochiyama|girls,0,,
Biloxi Heights,San Borondón,San Marcos,Sebastian Cape,605.0,4A,JHSAA,current,4A,Adela Robles|girls,0,,
Arrieta,Arrieta,Halbrook,Halbrook Basin,604.0,4A,JHSAA,current,4A,Arrieta|girls,0,,
Sharpstown,San Dámaso,Bidwell,Selquah,604.0,4A,JHSAA,current,4A,Emilia Jansen|girls,0,,
Tallulah Canyon,San Borondón,San Marcos,Sebastian Cape,598.0,4A,JHSAA,current,4A,Blackbird Canyon|girls,0,,
Crestline,Fort Carden,Tamarack,Cascade Divide,597.0,4A,JHSAA,current,4A,Timber Crest North|girls,0,,
Mount Horeb,Mount Horeb,Marlow,Ashbury Metro,593.0,4A,JHSAA,current,4A,Mount Horeb|girls,0,,
Barleyfield,Barleyfield,Kernwood,Yarrowmere,591.0,4A,JHSAA,current,4A,Barleyfield|girls,0,,
St. Agnes Preparatory,Montelago,Ferris,Gold Valley,591.0,4A,JHSAA,current,4A,St. Agnes Preparatory|girls,1,,
Blue Mountain Grange,Fellows Mill,Sablewood,Gold Valley,588.0,4A,JHSAA,current,4A,Katherine Davenport|girls,0,,
Helena Academy,Montelago,Ferris,Gold Valley,583.0,4A,JHSAA,current,4A,St. Helena Academy|girls,1,,
Costa Verde,Bahía Leal,San Marcos,Sebastian Cape,582.0,4A,JHSAA,current,4A,Costa Verde|girls,0,,
Allegheny,Ashbury,Marlow,Ashbury Metro,574.0,4A,JHSAA,current,4A,Timberline North|girls,0,,
Tippah,Belmonte,Halbrook,Halbrook Basin,570.0,4A,JHSAA,current,4A,Vernal Falls|girls,0,,
Sherwood Estates,Newark River,Weller,Selquah,569.0,4A,JHSAA,current,4A,Lev Volkov|girls,0,,
Passaic,Belmonte,Halbrook,Halbrook Basin,563.0,4A,JHSAA,current,4A,Depot High|girls,0,,
Saddleback Central,Belmonte,Halbrook,Halbrook Basin,560.0,4A,JHSAA,current,4A,Andrés Ibarra North|girls,0,,
William Howard Taft,Mount Horeb,Marlow,Ashbury Metro,560.0,4A,JHSAA,current,4A,Evelyn Booker|girls,0,,
Kishwaukee,Ashbury,Marlow,Ashbury Metro,559.0,4A,JHSAA,current,4A,Ashbury Central North|girls,0,,
Pacersburg,Telfair,Rimrock,Juniper Highlands,557.0,4A,JHSAA,current,4A,Telfair|girls,0,,
Preston Hollow,Llerena,Halbrook,Halbrook Basin,557.0,4A,JHSAA,current,4A,Anya Belov North|girls,0,,
Fair Park,Cortland,Ferris,Gold Valley,556.0,4A,JHSAA,current,4A,Harry S. Truman North|girls,0,,
Siskiyou Valley,Copper Prairie,Sablewood,Gold Valley,554.0,4A,JHSAA,current,4A,Mother Lode|girls,0,,
Grizzly Gulch,Orellana,Vance,Halbrook Basin,552.0,4A,JHSAA,current,4A,Orellana Foundry High|girls,0,,
Sinkford,Navrang,Rimrock,Juniper Highlands,541.0,4A,JHSAA,current,3A,Xabier Arregui|girls,1,,
Mesa Dorada,Mesa Dorada,Ostrander,Sebastian Cape,536.0,4A,JHSAA,current,3A,Mesa Dorada|girls,0,,
Bancroft,Bancroft,Ferris,Gold Valley,535.0,4A,JHSAA,current,3A,Bancroft|girls,0,,
Cabo Esperanza Tech,Cabo Esperanza,Weller,Selquah,534.0,4A,JHSAA,current,3A,Cabo Esperanza Technical Arts Academy|girls,0,,
Vermeer,New Leiden,Tamarack,Cascade Divide,534.0,4A,JHSAA,current,3A,New Leiden Classical Academy|girls,0,,
Pomar,Pomar,Halbrook,Halbrook Basin,532.0,4A,JHSAA,current,3A,Pomar|girls,0,,
Condotti Vanguard Academy,Ashbury,Marlow,Ashbury Metro,531.0,4A,JHSAA,current,3A,Condotti Vanguard Academy|girls,1,,
Mill Creek,Tamarack Flat,Antler,Alderwold,531.0,4A,JHSAA,current,3A,Mill Creek|girls,0,,
Fort Bardsley,Fort Bardsley,Paddock,Yarrowmere,522.0,4A,JHSAA,current,3A,Goodman|girls,0,,
Barlowe County High,Bench Head,Barlowe,Halbrook Basin,520.0,4A,JHSAA,activation,3A,EXP-N001,0,,
Copperview,Copperview,San Marcos,Sebastian Cape,517.0,4A,JHSAA,current,3A,Copperview|girls,0,,
Central Christian,Summervale,Juniper,Juniper Highlands,515.0,4A,JHSAA,current,3A,Central Christian|girls,1,,
Katherine Johnson,Haverly,Camas,Ashbury Metro,512.0,4A,JHSAA,current,3A,Katherine Johnson|girls,0,,
Leidesdorff,Leidesdorff,Sablewood,Gold Valley,511.0,4A,JHSAA,current,3A,Leidesdorff|girls,0,,
Los Alisos,Los Alisos,Marlow,Ashbury Metro,511.0,4A,JHSAA,current,3A,Los Alisos|girls,0,,
Palisade Prep,Caswell,Halbrook,Halbrook Basin,511.0,4A,JHSAA,current,3A,Caswell University Prep|girls,1,,
Selby Tech,Selbyville,Camas,Ashbury Metro,509.0,4A,JHSAA,current,3A,Selbyville Manufacturing and Technology Academy|girls,0,,
Tidewater,Tamarack Harbor,Weller,Selquah,509.0,4A,JHSAA,current,3A,Tamarack Harbor|girls,0,,
Romero-Finniski,Ashbury,Marlow,Ashbury Metro,507.0,3A,JHSAA,current,3A,Romero-Finniski|girls,1,,
Charleston-on-the-Coast,Bahía Azúl,Weller,Selquah,504.0,3A,JHSAA,activation,3A,EXP-N015,0,,donor-name school placed in coastal Bahía Azúl
Jimmy Carter,Garrow,Kernwood,Yarrowmere,503.0,3A,JHSAA,current,3A,Jimmy Carter|girls,0,,
Mountain Gate,Orlova,Tamarack,Cascade Divide,500.0,3A,JHSAA,current,3A,Mountain Gate|girls,0,,
Gallego Bay,Puerto Gallego,San Marcos,Sebastian Cape,498.0,3A,JHSAA,current,3A,Puerto Gallego School of Science and Industry|girls,0,,
Calderwood,North San Francisco,Ferris,Gold Valley,497.0,3A,JHSAA,current,3A,Calderwood School|girls,1,,
Norbrook,Norbrook,Juniper,Juniper Highlands,489.0,3A,JHSAA,activation,3A,EXP-N024,0,,
San Tomás,San Tomás,Ferris,Gold Valley,489.0,3A,JHSAA,current,3A,San Tomás|girls,0,,
New Leiden,New Leiden,Tamarack,Cascade Divide,487.0,3A,JHSAA,current,3A,New Leiden|girls,0,,
Mercy Academy Valley,Kelford,Ferris,Gold Valley,486.0,3A,JHSAA,current,3A,Mercy Academy Valley|girls,1,,
Steelhead Divide,Barleyfield,Kernwood,Yarrowmere,480.0,3A,JHSAA,current,3A,Steelhead Divide|girls,0,,
Corey Canyon,Corey Canyon,Antler,Alderwold,477.0,3A,JHSAA,current,3A,Wolf Gap|girls,0,,
Crater View,Annie Springs,Cinder,Cascade Divide,473.0,3A,JHSAA,current,3A,Annie Springs Crater View|girls,0,,
Hartford City,Dahlberg Summit,Tamarack,Cascade Divide,473.0,3A,JHSAA,current,3A,Dahlberg School of Science and Industry|girls,0,,
Tidelands Union,Tindall Spur,Ostrander,Sebastian Cape,473.0,3A,JHSAA,activation,3A,EXP-N025,0,,
Ciderhaven,Ciderhaven,Barlowe,Halbrook Basin,468.0,3A,JHSAA,current,3A,Ciderhaven|girls,0,,
Carroway,Carroway,Rimrock,Juniper Highlands,467.0,3A,JHSAA,current,3A,Carroway|girls,0,,
Silver Glen,Silver Glen,Ferris,Gold Valley,467.0,3A,JHSAA,current,3A,Silver Glen|girls,0,,
Walter Mondale,Tunnel Diggings,Goldbank,Southern Jefferson,467.0,3A,JHSAA,current,3A,Walter Mondale|girls,0,,
Mill Bar,Fellows Mill,Sablewood,Gold Valley,465.0,3A,JHSAA,current,3A,Fellows Mill International School|girls,0,,
Calvary Christian,Netherwood,Antler,Alderwold,464.0,3A,JHSAA,current,3A,Janice Bennett|girls,1,,
Crane,Kelford,Ferris,Gold Valley,464.0,3A,JHSAA,current,3A,Crane|girls,0,,
St. Veronica,Garrow,Kernwood,Yarrowmere,464.0,3A,JHSAA,current,3A,St. Veronica|girls,1,,
Tule Flat,Tule Flat,Kernwood,Yarrowmere,464.0,3A,JHSAA,current,3A,Tule Flat|girls,0,,
St. Helena,Mount Clambake,Antler,Alderwold,463.0,3A,JHSAA,current,3A,St. Helena School|girls,1,,
Elk Crossing,Elk Crossing,Ferris,Gold Valley,461.0,3A,JHSAA,current,3A,Elk Crossing|girls,0,,
St. Sebastian Prep,Ashbury,Marlow,Ashbury Metro,459.0,3A,JHSAA,current,3A,St. Sebastian Prep|girls,1,,
Mountain House,Sage Springs,Sablewood,Gold Valley,458.0,3A,JHSAA,activation,3A,EXP-N034,0,,
Switchback,Kilbride Switch,Olivet,Yarrowmere,458.0,3A,JHSAA,current,3A,Kilbride Switch South|girls,0,,
Presentation Academy,Garrow,Kernwood,Yarrowmere,455.0,3A,JHSAA,current,3A,Presentation Academy|girls,1,,
Fletcher-Garrison Hall,Port Meridian,Bidwell,Selquah,454.0,3A,JHSAA,current,3A,Fletcher-Garrison Hall|girls,1,,
Goldbank County,Hydraulic Gap,Goldbank,Southern Jefferson,451.0,3A,JHSAA,current,3A,Goldbank County|girls,0,,
San Lorenzo,San Lorenzo,Marlow,Ashbury Metro,450.0,3A,JHSAA,current,3A,San Lorenzo|girls,0,,
Jersey City,Jersey City,Kernwood,Yarrowmere,449.0,3A,JHSAA,current,3A,Marsh Depot|girls,0,,
All Saints Episcopal,Garrow,Kernwood,Yarrowmere,447.0,3A,JHSAA,current,3A,All Saints Episcopal|girls,1,,
Western Slope Christian,Redfork,Tamarack,Cascade Divide,447.0,3A,JHSAA,current,3A,Western Slope Christian|girls,1,,
Dahlberg Summit,Dahlberg Summit,Tamarack,Cascade Divide,446.0,3A,JHSAA,current,3A,Dahlberg|girls,0,,
St. Sergius,Novak,Tamarack,Cascade Divide,446.0,3A,JHSAA,current,3A,Soren Ekström|girls,1,,
Pinecrest,Averill,Sablewood,Gold Valley,445.0,3A,JHSAA,current,3A,Pinecrest School|girls,1,,
Bardsley County High,Sutter Reach,Bardsley,Yarrowmere,442.0,3A,JHSAA,activation,3A,EXP-N037,0,,
Anchor Glass,Las Norias,Ferris,Gold Valley,440.0,3A,JHSAA,current,3A,Eleanor Tillman|girls,0,,
Quarmont,Quarmont,Ostrander,Sebastian Cape,440.0,3A,JHSAA,current,3A,Quarmont|girls,0,,
Alder Cooperative,Monte Blanco,Ferris,Gold Valley,438.0,3A,JHSAA,current,3A,Claudette Freeman|girls,0,,
Tunnelton,Tunnelton,Goldbank,Southern Jefferson,437.0,3A,JHSAA,current,3A,Tunnelton|girls,0,,
Funtsville,Vesper,Rimrock,Juniper Highlands,430.0,3A,JHSAA,current,3A,Vesper Polytechnic Institute|girls,0,,
Corliss Regional,Corliss,Kernwood,Yarrowmere,427.0,3A,JHSAA,activation,3A,EXP-N039,0,,
Grayston,Welsh Plains,Paddock,Yarrowmere,420.0,3A,JHSAA,current,3A,Welsh Plains Northwest|girls,0,,
Star Hollow,Summervale,Juniper,Juniper Highlands,419.0,3A,JHSAA,current,3A,Summervale Northwest|girls,1,,
Forge Hollow,Valderra,Ferris,Gold Valley,416.0,3A,JHSAA,current,3A,Valley Forge North|girls,0,,
Barclay,Barclay,Ferris,Gold Valley,415.0,3A,JHSAA,current,3A,Barclay|girls,0,,
Telfair Country Day,Telfair,Rimrock,Juniper Highlands,415.0,3A,JHSAA,current,3A,Telfair Country Day School|girls,1,,
Weller Independent,Fort Weller,Weller,Selquah,414.0,3A,JHSAA,current,3A,Fort Salish Independent School|girls,1,,
New Bergen,New Bergen,Bidwell,Selquah,412.0,3A,JHSAA,current,3A,Tule|girls,0,,
Olivet Regional,Garrow Switch,Olivet,Yarrowmere,411.0,3A,JHSAA,activation,3A,EXP-N040,0,,
California Canyons,California Canyons,Juniper,Juniper Highlands,399.0,3A,JHSAA,current,3A,Sage Point|girls,0,,
Shiloh,Shiloh,Paddock,Yarrowmere,396.0,3A,JHSAA,activation,3A,EXP-N042,0,,
Novak,Novak,Tamarack,Cascade Divide,394.0,3A,JHSAA,current,3A,Novak|girls,0,,
Ostrander Union,Camas Landing,Rimrock,Juniper Highlands,393.0,3A,JHSAA,current,3A,Ostrander Union|girls,0,,
Berrio,Berrio,Halbrook,Halbrook Basin,389.0,3A,JHSAA,current,3A,Berrio|girls,0,,
Garfield,Port Veles,Bidwell,Selquah,389.0,3A,JHSAA,current,3A,Marcus Langston North|girls,0,,
Glassell Park,Silver Glen,Ferris,Gold Valley,389.0,3A,JHSAA,current,3A,Greta Bellini|girls,0,,
Summervale,Summervale,Juniper,Juniper Highlands,387.0,3A,JHSAA,current,3A,Summervale|girls,0,,
Monte Blanco,Monte Blanco,Ferris,Gold Valley,386.0,3A,JHSAA,current,3A,Monte Blanco|girls,0,,
River North,Newark River,Weller,Selquah,386.0,3A,JHSAA,current,3A,Newark River North|girls,0,,
Eastmont Christian,North San Francisco,Ferris,Gold Valley,385.0,3A,JHSAA,current,3A,Eastmont Christian|girls,1,,
Owl Canyon,Clear Springs,Rimrock,Juniper Highlands,382.0,3A,JHSAA,current,3A,Owl Canyon|girls,0,,
High Desert Christian,Doyle Pass,Rimrock,Juniper Highlands,380.0,3A,JHSAA,current,3A,High Desert Christian|girls,1,,
Tunnelwood,Tunnelwood,Featherstone,Southern Jefferson,380.0,3A,JHSAA,activation,3A,EXP-N048,0,,
Horseshoe Bend,Kelford,Ferris,Gold Valley,379.0,3A,JHSAA,current,3A,Kelford Northwest|girls,0,,
Valley Providence,Port Meridian,Bidwell,Selquah,379.0,3A,JHSAA,current,3A,Providence Academy Valley|girls,1,,
Bardsley County,Sutter Yard,Bardsley,Yarrowmere,378.0,3A,JHSAA,current,3A,Bardsley County|girls,0,,
Willowbrook,Weissburg,Halbrook,Halbrook Basin,375.0,3A,JHSAA,current,2A,Sergei Petrenko|girls,0,,
Natchez Mercy,Ashbury,Marlow,Ashbury Metro,373.0,3A,JHSAA,current,3A,Mercy Academy|girls,1,,
Seminary,Port Veles,Bidwell,Selquah,372.0,3A,JHSAA,current,3A,Port Veles International Academy|girls,1,,
St. Sophia,Klamoya,Tamarack,Cascade Divide,370.0,3A,JHSAA,current,3A,St. Sophia School|girls,1,,
Los Maderos,Los Maderos,Bidwell,Selquah,363.0,3A,JHSAA,current,2A,Los Maderos|girls,0,,
Newark River,Newark River,Weller,Selquah,361.0,3A,JHSAA,current,2A,Newark River|girls,0,,
Madison,Cook City,Featherstone,Southern Jefferson,360.0,3A,JHSAA,current,2A,Madison|girls,0,,
Pointe des Brumes,San Borondón,San Marcos,Sebastian Cape,359.0,3A,JHSAA,current,2A,Naomi Langston North|girls,0,,
Yazoo,Belmonte,Halbrook,Halbrook Basin,358.0,3A,JHSAA,current,2A,Belmonte Applied Sciences Institute|girls,0,,
Oak Meyer,Los Maderos,Bidwell,Selquah,356.0,3A,JHSAA,current,2A,Hazel Hart|girls,0,,
Timber Crest,Fort Carden,Tamarack,Cascade Divide,355.0,3A,JHSAA,current,3A,Timber Crest|girls,0,,
Alben Barkley,Tunnel Diggings,Goldbank,Southern Jefferson,354.0,3A,JHSAA,current,2A,Alben Barkley|girls,0,,
Porterfield,Porterfield,Sablewood,Gold Valley,351.0,3A,JHSAA,current,2A,Porterfield|girls,0,,
Netherwood,Netherwood,Antler,Alderwold,349.0,3A,JHSAA,current,2A,Netherwood|girls,0,,
Río Seco,Río Seco,San Marcos,Sebastian Cape,349.0,3A,JHSAA,current,2A,Ransom Spur|girls,0,,
Abbey Vale Orchard Hill,Abbey Vale,Ferris,Gold Valley,348.0,2A,JHSAA,current,2A,Abbey Vale Orchard Hill|girls,0,,
Mt Jacqueline,Mt Jacqueline,Juniper,Juniper Highlands,347.0,2A,JHSAA,current,2A,Elmburg|girls,0,,
New Ballard,New Ballard,Bidwell,Selquah,344.0,2A,JHSAA,current,2A,Rimrock Valley|girls,0,,
Willow Gate,Garrow Depot,Barlowe,Halbrook Basin,340.0,2A,JHSAA,activation,2A,EXP-N002,0,,
St. Elias Academy,Port Ainsley,Bidwell,Selquah,338.0,2A,JHSAA,current,3A,St. Elias Academy|girls,1,,
North Valley Christian,Netherwood,Antler,Alderwold,336.0,2A,JHSAA,current,3A,North Valley Christian|girls,1,,
Kendrickville,Kendrickville,Antler,Alderwold,334.0,2A,JHSAA,activation,2A,EXP-N004,0,,
Goldbank Hall,Tunnel Diggings,Goldbank,Southern Jefferson,330.0,2A,JHSAA,current,3A,Goldbank Hall|girls,1,,
Antler County High,Purcell Crossing,Antler,Alderwold,327.0,2A,JHSAA,activation,2A,EXP-N005,0,,Purcell Crossing slot; replaces Timber Exchange proposal
Salmonberry Glen,Salmonberry Glen,Antler,Alderwold,321.0,2A,JHSAA,activation,2A,EXP-N008,0,,
Olive Reach Baptist,Olive Reach,Kernwood,Yarrowmere,320.0,2A,JHSAA,current,3A,Olive Reach Baptist|girls,1,,
Trout Lake,Trout Lake,Rimrock,Juniper Highlands,320.0,2A,JHSAA,current,2A,Trout Lake|girls,0,,
Gilhooly,Gilhooly,Featherstone,Southern Jefferson,319.0,2A,JHSAA,current,2A,Gilhooly|girls,0,,
Hawk Bar,Hawk Bar,Ferris,Gold Valley,319.0,2A,JHSAA,current,2A,Hawk Bar|girls,0,,
South Simmons,South Simmons,Olivet,Yarrowmere,317.0,2A,JHSAA,current,2A,Walnut Yard|girls,0,,
Benton Cross,Benton Cross,Halbrook,Halbrook Basin,315.0,2A,JHSAA,current,2A,Benton Cross|girls,0,,
Chaff Head,Chaff Head,Kernwood,Yarrowmere,314.0,2A,JHSAA,current,2A,Chaff Head|girls,0,,
North Antler Regional,Alderwell,Antler,Alderwold,314.0,2A,JHSAA,activation,2A,EXP-N009,0,,
St. Lucy,Furrow Crossing,Barlowe,Halbrook Basin,312.0,2A,JHSAA,current,3A,St. Lucy|girls,1,,
Los Remolinos,Los Remolinos,San Marcos,Sebastian Cape,311.0,2A,JHSAA,current,1A,Los Remolinos|girls,0,,
Cape Angeles,Cape Angeles,Weller,Selquah,309.0,2A,JHSAA,current,2A,Aldermont|girls,0,,
Elk Run,Camas Crossing,Antler,Alderwold,308.0,2A,JHSAA,activation,2A,EXP-N010,0,,Camas Crossing slot; public school name changed
Halfway House,Halfway House,Ostrander,Sebastian Cape,306.0,2A,JHSAA,current,2A,Halfway House|girls,0,,
Springdale,Belden Springs,Camas,Ashbury Metro,306.0,2A,JHSAA,current,2A,Belden Springs Academy of Music and Media|girls,0,,
St. Jerome Academy,San Borondón,San Marcos,Sebastian Cape,306.0,2A,JHSAA,current,1A,St. Jerome Academy|girls,1,,
Benedetti,Benedetti,Sablewood,Gold Valley,303.0,2A,JHSAA,current,3A,Benedetti|girls,0,,
South Fork,Ansotegui,Antler,Alderwold,301.0,2A,JHSAA,activation,2A,EXP-N011,0,,Ansotegui slot; public school name changed
Covenant Christian,Ashbury,Marlow,Ashbury Metro,297.0,2A,JHSAA,current,2A,Covenant Christian|girls,1,,
Gruesome Ridge,Gruesome Ridge,Antler,Alderwold,297.0,2A,JHSAA,current,2A,Ashwood|girls,0,,
Naylor City,Naylor City,Cinder,Cascade Divide,295.0,2A,JHSAA,activation,2A,EXP-N017,0,,
Paddock Tech,Welsh Plains,Paddock,Yarrowmere,292.0,2A,JHSAA,current,2A,Paddock Institute|girls,1,,
Haddon Siding,Haddon Siding,Barlowe,Halbrook Basin,291.0,2A,JHSAA,current,2A,Haddon Siding|girls,0,,
High Bar,High Bar,Ferris,Gold Valley,291.0,2A,JHSAA,current,2A,High Bar|girls,0,,
Farleymere,Farleymere,Juniper,Juniper Highlands,288.0,2A,JHSAA,activation,2A,EXP-N023,0,,
Fort Tabor,Fort Tabor,Goldbank,Southern Jefferson,288.0,2A,JHSAA,current,2A,Ewartville|girls,0,,
Juniper Crossing,Greaves Junction,Halbrook,Halbrook Basin,285.0,2A,JHSAA,current,2A,Greaves Junction|girls,0,,
Cradle Reach,Cradle Reach,Goldbank,Southern Jefferson,282.0,2A,JHSAA,current,2A,Cradle Reach|girls,0,,
Fogline,Camas Ridge,San Marcos,Sebastian Cape,282.0,2A,JHSAA,activation,2A,EXP-N027,0,,Camas Ridge slot; public school name changed
Annie Springs,Annie Springs,Cinder,Cascade Divide,278.0,2A,JHSAA,current,2A,Annie Springs|girls,0,,
San Benicio Regional,San Benicio,San Marcos,Sebastian Cape,275.0,2A,JHSAA,activation,2A,EXP-N028,0,,
Wardlow Depot,Wardlow Depot,Olivet,Yarrowmere,275.0,2A,JHSAA,current,2A,Wardlow Depot|girls,0,,
Estuary Bay,Los Remolinos,San Marcos,Sebastian Cape,270.0,2A,JHSAA,current,2A,Los Remolinos Mission Bay|girls,0,,
Pasquale,Pasquale,Sablewood,Gold Valley,269.0,2A,JHSAA,activation,2A,EXP-N033,0,,
Cornerstone Christian,Clear Springs,Rimrock,Juniper Highlands,268.0,2A,JHSAA,current,2A,Mikel Zubieta|girls,1,,
Sluice Landing,Sluice Landing,Highgrade,Southern Jefferson,264.0,2A,JHSAA,current,2A,Sluice Landing|girls,0,,
Sutter Basin,Sutter Basin,Bardsley,Yarrowmere,262.0,2A,JHSAA,activation,2A,EXP-N038,0,,
Chaff Crossing,Chaff Crossing,Kernwood,Yarrowmere,261.0,2A,JHSAA,current,2A,Chaff Crossing|girls,0,,
Río Verde,Río Verde,Bardsley,Yarrowmere,261.0,2A,JHSAA,current,2A,Fig Gap|girls,0,,
Wolf Gap International,Corey Canyon,Antler,Alderwold,258.0,2A,JHSAA,current,2A,Wolf Gap International School|girls,0,,
Belmonte Catholic,Belmonte,Halbrook,Halbrook Basin,256.0,2A,JHSAA,current,1A,Amaia Aramburu North|girls,1,,
Bishop Ferraro,Garrow,Kernwood,Yarrowmere,256.0,2A,JHSAA,current,2A,Bishop Ferraro|girls,1,,
Prune Siding,Prune Siding,Olivet,Yarrowmere,256.0,2A,JHSAA,activation,2A,EXP-N041,0,,
Haverly,Haverly,Camas,Ashbury Metro,254.0,2A,JHSAA,current,2A,Haverly|girls,0,,
Gold Hollow,Gold Hollow,Antler,Alderwold,253.0,2A,JHSAA,current,2A,Gold Hollow|girls,0,,
Pellburg,Pellburg,Antler,Alderwold,251.0,2A,JHSAA,current,2A,Pellburg|girls,0,,
St. Francis Xavier,Pomar,Halbrook,Halbrook Basin,251.0,2A,JHSAA,current,2A,St. Francis Xavier College Prep|girls,1,,
Texas Beach,Texas Beach,Weller,Selquah,249.0,2A,JHSAA,current,2A,Garrity|girls,0,,
Zion Hill,Zion Hill,Paddock,Yarrowmere,249.0,2A,JHSAA,activation,2A,EXP-N043,0,,
Pope Francis,Elk Crossing,Ferris,Gold Valley,248.0,2A,JHSAA,current,2A,Thomas Moreau|girls,1,,
Hydraulicwood,Hydraulicwood,Featherstone,Southern Jefferson,246.0,2A,JHSAA,current,2A,Hydraulicwood|girls,0,,
Mineral Springs,Tamarack Springs,Tamarack,Cascade Divide,246.0,2A,JHSAA,current,2A,Tamarack Springs|girls,0,,
Villard,Villard,Ferris,Gold Valley,246.0,2A,JHSAA,current,2A,Villard|girls,0,,
Draybrook Union,Draybrook,Cinder,Cascade Divide,245.0,2A,JHSAA,current,2A,Draybrook Union|girls,0,,
Lanphere,Lanphere,Kernwood,Yarrowmere,245.0,2A,JHSAA,current,2A,Lanphere|girls,0,,
Annes Summit,Annes Summit,Antler,Alderwold,244.0,2A,JHSAA,current,2A,Harmon|girls,0,,
Bethel Christian,Tunnel Diggings,Goldbank,Southern Jefferson,244.0,2A,JHSAA,current,2A,Bethel Christian|girls,1,,
Mission Ridge,Villard,Ferris,Gold Valley,244.0,2A,JHSAA,current,2A,Mission Ridge|girls,0,,
Canaan Bend,Canaan Bend,Paddock,Yarrowmere,243.0,2A,JHSAA,activation,2A,EXP-N044,0,,
St. Gabriel Preparatory,Valderra,Ferris,Gold Valley,242.0,2A,JHSAA,current,1A,St. Gabriel Preparatory|girls,1,,
Ansotegui Siding,Ansotegui Siding,Camas,Ashbury Metro,241.0,2A,JHSAA,current,1A,Ansotegui Siding|girls,0,,
Seamus Town,Seamus Town,Juniper,Juniper Highlands,239.0,2A,JHSAA,current,2A,Gold Junction|girls,0,,
Jessup Bar,Jessup Bar,Olivet,Yarrowmere,238.0,2A,JHSAA,current,2A,Jessup Bar|girls,0,,
Featherton,Featherton,Featherstone,Southern Jefferson,236.0,2A,JHSAA,activation,2A,EXP-N049,0,,
Vessey Junction,Vessey Junction,Highgrade,Southern Jefferson,235.0,2A,JHSAA,current,2A,Vessey Junction|girls,0,,
Tailing Crossing,Tailing Crossing,Goldbank,Southern Jefferson,230.0,2A,JHSAA,activation,2A,EXP-N051,0,,
Bishop Valera,Arrieta,Halbrook,Halbrook Basin,229.0,2A,JHSAA,current,1A,Nicolás Treviño|girls,1,,
Our Lady of the Coast,Tallow,San Marcos,Sebastian Cape,226.0,2A,JHSAA,current,2A,Galina Moroz|girls,1,,
Bay Oregon,Bay Oregon,Weller,Selquah,225.0,2A,JHSAA,current,2A,Alder Landing Beacon Hill|girls,0,,
St. Elian,St. Elian,Ferris,Gold Valley,224.0,2A,JHSAA,current,2A,St. Elian|girls,0,,
Puerto Alma,Puerto Alma,San Marcos,Sebastian Cape,217.0,2A,JHSAA,current,2A,Puerto Alma|girls,0,,
Fountain Park,Fountain Park,Goldbank,Southern Jefferson,216.0,2A,JHSAA,current,2A,Tailing Crossing-Ewart Bar Union|girls,0,,
Tallow,Tallow,San Marcos,Sebastian Cape,215.0,2A,JHSAA,current,2A,Tallow|girls,0,,
Harmon Siding,Harmon Siding,Antler,Alderwold,210.0,2A,JHSAA,activation,1A,EXP-N006,0,,
John Lewis,Novak,Tamarack,Cascade Divide,208.0,2A,JHSAA,current,2A,John Lewis|girls,0,,
Quillan,Quillan,Camas,Ashbury Metro,207.0,2A,JHSAA,current,2A,Quillan|girls,0,,
Yarburg,Yarburg,Antler,Alderwold,206.0,2A,JHSAA,current,2A,Yarburg|girls,0,,
Pellmont,Pellmont,Antler,Alderwold,205.0,1A,JHSAA,activation,1A,EXP-N007,0,,
Belden Springs,Belden Springs,Camas,Ashbury Metro,202.0,1A,JHSAA,current,2A,Belden Springs|girls,0,,
Bidwell,Bidwell,Antler,Alderwold,199.0,1A,JHSAA,current,1A,Bidwell|girls,0,,
High Timber,Annes Summits Landing,Antler,Alderwold,199.0,1A,JHSAA,activation,1A,EXP-N012,0,,
Christ the King,Kilbride Switch,Olivet,Yarrowmere,198.0,1A,JHSAA,current,1A,Christ the King|girls,1,,
New Penzance Island,New Penzance Island,Weller,Selquah,195.0,1A,JHSAA,current,1A,Granite Bar|girls,0,,
Flume,Flume,Antler,Alderwold,194.0,1A,JHSAA,activation,1A,EXP-N013,0,,
Kilbride Hall,Olive Reach,Kernwood,Yarrowmere,193.0,1A,JHSAA,current,1A,Kilbride Hall|girls,1,,
Pine Siding,Pine Siding,Antler,Alderwold,190.0,1A,JHSAA,current,1A,Pine Siding|girls,0,,
Ransoms Landing,Ransoms Landing,Antler,Alderwold,189.0,1A,JHSAA,current,1A,Ransoms Landing|girls,0,,
Aspen Spur Union,Aspen Spur,Antler,Alderwold,188.0,1A,JHSAA,activation,1A,EXP-N014,0,,
Copper Prairie,Copper Prairie,Sablewood,Gold Valley,188.0,1A,JHSAA,current,1A,Copper Prairie|girls,0,,
Heritage Christian,Corliss Junction,Kernwood,Yarrowmere,188.0,1A,JHSAA,current,1A,Heritage Christian|girls,1,,
Martin Luther,Ditch Fork,Goldbank,Southern Jefferson,187.0,1A,JHSAA,current,1A,Martin Luther|girls,1,,
New Hope Christian,Pear Slough,Barlowe,Halbrook Basin,187.0,1A,JHSAA,current,1A,New Hope Christian|girls,1,,
Alfalfa City,Bidwell City,Antler,Alderwold,186.0,1A,JHSAA,current,1A,Bidwell City|girls,0,,
Linden,Linden,Tamarack,Cascade Divide,186.0,1A,JHSAA,current,1A,Alderfield|girls,0,,
Pellford,Pellford,Weller,Selquah,183.0,1A,JHSAA,activation,1A,EXP-N016,0,,
Pope Victor I,San Cordero,Tamarack,Cascade Divide,180.0,1A,JHSAA,current,1A,St. Genevieve High School|girls,1,,
St. Josephine Bakhita,Vessey Switch,Highgrade,Southern Jefferson,179.0,1A,JHSAA,current,1A,St. Perpetua Preparatory|girls,1,,
Ashstead,Ashstead,Cinder,Cascade Divide,177.0,1A,JHSAA,current,1A,Ashstead|girls,0,,
Foothills Christian,West El Paso,Goldbank,Southern Jefferson,177.0,1A,JHSAA,current,1A,Foothills Christian|girls,1,,
Pine Rim,Sage Spur,Cinder,Cascade Divide,177.0,1A,JHSAA,activation,1A,EXP-N018,0,,
Ransom Pass,Ransom Pass,Tamarack,Cascade Divide,176.0,1A,JHSAA,current,1A,Ransom City Union|girls,0,,
Meridian Regional,Stovepipe,Rimrock,Juniper Highlands,175.0,1A,JHSAA,current,1A,Meridian Regional|girls,0,,
Ransom City Union,Ransom,Tamarack,Cascade Divide,172.0,1A,JHSAA,activation,1A,EXP-N019,0,,
Juniper Bar,Juniper Bar,Tamarack,Cascade Divide,166.0,1A,JHSAA,activation,1A,EXP-N020,0,,
Alderton,Alderton,Tamarack,Cascade Divide,161.0,1A,JHSAA,activation,1A,EXP-N021,0,,
Copperton Regional,Copperton,Tamarack,Cascade Divide,155.0,1A,JHSAA,activation,1A,EXP-N022,0,,
Archbishop Quinlan,Furrow Crossing,Barlowe,Halbrook Basin,153.0,1A,JHSAA,current,1A,Archbishop Quinlan|girls,1,,
Halemere,Halemere,Tamarack,Cascade Divide,152.0,1A,JHSAA,current,1A,Halemere|girls,0,,
Whistle Stop,Whistle Stop,Antler,Alderwold,152.0,1A,JHSAA,current,1A,Whistle Stop|girls,0,,
Camden Flat,Camden Flat,Paddock,Yarrowmere,151.0,1A,JHSAA,current,1A,Camden Flat|girls,0,,
County Line,Huckle Glen,Antler,Alderwold,150.0,1A,JHSAA,current,1A,Bidwell County|girls,0,,
Punta del Águila,Punta del Águila,San Marcos,Sebastian Cape,150.0,1A,JHSAA,activation,1A,EXP-N026,0,,
Coast Prairie,Alder Flat,San Marcos,Sebastian Cape,144.0,1A,JHSAA,activation,1A,EXP-N029,0,,
Río Salado,Río Salado,Ferris,Gold Valley,144.0,1A,JHSAA,current,1A,Basalt Fork|girls,0,,
Kernwood Lutheran,Barleyfield,Kernwood,Yarrowmere,141.0,1A,JHSAA,current,1A,Kernwood Lutheran|girls,1,,
Sablewood Union,Mount Ruth,Antler,Alderwold,140.0,1A,JHSAA,current,1A,Sablewood Union|girls,0,,
California Beach,California Beach,Ostrander,Sebastian Cape,139.0,1A,JHSAA,current,1A,Ashfield|girls,0,,
Velasco,Velasco,Ferris,Gold Valley,139.0,1A,JHSAA,activation,1A,EXP-N030,0,,
Brackwood Pass,Brackwood Pass,Tamarack,Cascade Divide,134.0,1A,JHSAA,current,1A,Brackwood Union|girls,0,,
Levee Bluff,Levee Bluff,Bardsley,Yarrowmere,134.0,1A,JHSAA,current,1A,Levee Bluff|girls,0,,
Manzanita Junction,Manzanita Junction,Antler,Alderwold,134.0,1A,JHSAA,current,1A,Manzanita Junction|girls,0,,
Wheatley,Wheatley,Cinder,Cascade Divide,134.0,1A,JHSAA,current,1A,Wheatley|girls,0,,
Trinity Fork,Ansoteguiville,Ferris,Gold Valley,133.0,1A,JHSAA,activation,1A,EXP-N031,0,,Ansoteguiville slot; public school name changed
Marlow County,Clear Rim,Juniper,Juniper Highlands,131.0,1A,JHSAA,current,1A,Marlow County|girls,0,,
St. Genevieve,Benchton,Barlowe,Halbrook Basin,129.0,1A,JHSAA,current,1A,St. Genevieve|girls,1,,
Vesper,Vesper,Rimrock,Juniper Highlands,129.0,1A,JHSAA,current,1A,Salvador Figueroa|girls,0,,
McCrory,McCrory,Sablewood,Gold Valley,128.0,1A,JHSAA,activation,1A,EXP-N032,0,,
St. Cecilia Academy,Tunnel Diggings,Goldbank,Southern Jefferson,127.0,1A,JHSAA,current,1A,St. Cecilia Academy|girls,1,,
Banfield Day,Bracken,Olivet,Yarrowmere,126.0,1A,JHSAA,current,1A,Calvary Chapel Olivet|girls,1,,
Tumbleweed Lutheran,Tule Flat,Kernwood,Yarrowmere,123.0,1A,JHSAA,current,1A,Tule Flat Lutheran|girls,1,,
Carverstead,Carverstead,Sablewood,Gold Valley,122.0,1A,JHSAA,activation,1A,EXP-N035,0,,
Tailingford Union,Tailingford,Highgrade,Southern Jefferson,120.0,1A,JHSAA,current,1A,Vessey Junction-Tailingford Union|girls,0,,
Fort Wren,Fort Wren,Juniper,Juniper Highlands,118.0,1A,JHSAA,current,1A,Silvale|girls,0,,
Featherstone Tech,Cook City,Featherstone,Southern Jefferson,117.0,1A,JHSAA,current,1A,Featherstone Institute|girls,1,,
Odellville,Odellville,Sablewood,Gold Valley,117.0,1A,JHSAA,activation,1A,EXP-N036,0,,
Jamaica,Jamaica,Paddock,Yarrowmere,116.0,1A,JHSAA,current,1A,Rentie Grove|girls,0,,
Gottschalk-Herman,Kilbride Switch,Olivet,Yarrowmere,113.0,1A,JHSAA,current,1A,Calvary Chapel Kilbride Switch|girls,1,,
Coastal Christian,Santa Laura,San Marcos,Sebastian Cape,112.0,1A,JHSAA,current,1A,Coastal Christian|girls,1,,
Beulah Landing,Beulah Landing,Paddock,Yarrowmere,111.0,1A,JHSAA,activation,1A,EXP-N045,0,,
Free Hill,Free Hill,Paddock,Yarrowmere,106.0,1A,JHSAA,activation,1A,EXP-N046,0,,
Aspen Hollow,Summervale,Juniper,Juniper Highlands,105.0,1A,JHSAA,current,1A,Summervale Heights|girls,0,,
St. Lucia Academy,Belmonte,Halbrook,Halbrook Basin,105.0,1A,JHSAA,current,1A,St. Lucia Academy|girls,1,,
Pointe Coupee Catholic,San Borondón,San Marcos,Sebastian Cape,100.0,1A,JHSAA,current,1A,Vernon Moss|girls,1,,
Promise Land,Promise Land,Paddock,Yarrowmere,100.0,1A,JHSAA,activation,1A,EXP-N047,0,,
Thorn Summit,Thorn Summit,Juniper,Juniper Highlands,100.0,1A,JHSAA,current,1A,Thornford|girls,0,,
Sierra Works,Caverlyville,Featherstone,Southern Jefferson,95.0,1A,JHSAA,activation,1A,EXP-N050,0,,
St. Norbert Abbey,Ashbury,Marlow,Ashbury Metro,93.0,1A,JHSAA,current,1A,St. Norbert Abbey|girls,1,,
Trinity Christian,Olive Reach,Kernwood,Yarrowmere,91.0,1A,JHSAA,current,1A,Trinity Christian|girls,1,,
Redwood Glen,Harmons Landing,Antler,Alderwold,90.0,1A,JHSAA,current,1A,Redwood Glen|girls,0,,
Granite Basin,Cinder,Antler,Alderwold,86.0,1A,JHSAA,current,2A,Granite Basin|girls,0,,
Grace Christian,Prune Springs,Bardsley,Yarrowmere,84.0,1A,JHSAA,current,1A,Grace Christian|girls,1,,
Salmon Bay,Salmon Bay,Weller,Selquah,82.0,1A,JHSAA,current,1A,Wickbrook|girls,0,,
Yarmere,Yarmere,Tamarack,Cascade Divide,77.0,1A,JHSAA,current,1A,Yarmere|girls,0,,
Mount Dylan Lake,Mount Dylan Lake,Cinder,Cascade Divide,76.0,1A,JHSAA,current,1A,Huckle Lake|girls,0,,
Carolina Island,Carolina Island,Ostrander,Sebastian Cape,73.0,1A,JHSAA,current,1A,Elk Prairie|girls,0,,
Serra Caverly,Caverly,Featherstone,Southern Jefferson,72.0,1A,JHSAA,current,1A,Serra Caverly|girls,1,,
Cassius,Ditch Fork,Goldbank,Southern Jefferson,70.0,1A,JHSAA,current,1A,Calvary Chapel Ditch Fork|girls,1,,
Copper Gap,Copper Gap,Juniper,Juniper Highlands,68.0,1A,JHSAA,current,1A,Copper Crossing|girls,1,,
Riviere Salee,Belyakov,Vance,Halbrook Basin,68.0,1A,JHSAA,current,1A,Anya Orlov|girls,0,,
Barley Gap,Barley Gap,Olivet,Yarrowmere,59.0,1A,JHSAA,current,1A,Barley Gap|girls,0,,
Silton Ridge,Silton Ridge,Rimrock,Juniper Highlands,59.0,1A,JHSAA,current,1A,Silton Union|girls,0,,
San Aurelio,San Aurelio,San Marcos,Sebastian Cape,58.0,1A,JHSAA,current,1A,San Aurelio|girls,0,,
Ruth Bader Ginsburg,Aurelia,Emigrant,Kangas,2556.0,Division 1,Great Basin,current,9A,Nicolás Cordero|girls,0,,
Sagebrush,Fort Valois,Stagewater,Kangas,2551.0,Division 1,Great Basin,current,9A,Fort Valois School of Public Service|girls,0,,
Cole Valley,Fort Valois,Stagewater,Kangas,2528.0,Division 1,Great Basin,current,9A,Lev Voronin|girls,0,,
Redwood Mutual,Echevarria,Vance,Halbrook Basin,2513.0,Division 1,Great Basin,current,9A,Amaia Echevarria|girls,0,,
Bitterroot,Echevarria,Vance,Halbrook Basin,2503.0,Division 1,Great Basin,current,9A,Echevarria Foundry High|girls,0,,
Fort Valois,Fort Valois,Stagewater,Kangas,2469.0,Division 1,Great Basin,current,9A,Fort Valois|girls,0,,
Stagewater,Fort Valois,Stagewater,Kangas,2447.0,Division 1,Great Basin,current,9A,Galina Romanov|girls,0,,
John F. Kennedy,Harriman,Emigrant,Kangas,2425.0,Division 1,Great Basin,current,9A,Harriman Maritime Academy|girls,0,,
Furnace Creek,Echevarria,Vance,Halbrook Basin,2422.0,Division 1,Great Basin,current,9A,Leire Aramburu|girls,0,,
Valois Bluffs,Fort Valois,Stagewater,Kangas,2318.0,Division 1,Great Basin,current,9A,Fort Valois School of Design and Engineering|girls,0,,
Quail Hollow,Fort Valois,Stagewater,Kangas,2306.0,Division 1,Great Basin,current,9A,Marian Cross|girls,0,,
Gravel Narrows,Harriman,Emigrant,Kangas,2275.0,Division 1,Great Basin,current,9A,Gravel Narrows|girls,0,,
Point Loma,Aldecoa,Vance,Halbrook Basin,2258.0,Division 1,Great Basin,current,9A,Aitor Echevarria|girls,0,,
Deadwood,Aldecoa,Vance,Halbrook Basin,2225.0,Division 1,Great Basin,current,9A,Aldecoa Applied Sciences Institute|girls,0,,
Coyote Springs,Aldecoa,Vance,Halbrook Basin,2197.0,Division 1,Great Basin,current,9A,Aldecoa Academy of Arts and Letters|girls,0,,
Mae Jemison,Echevarria,Vance,Halbrook Basin,2186.0,Division 1,Great Basin,current,9A,Mae Jemison|girls,0,,
St. Teresa,Harriman,Emigrant,Kangas,2150.0,Division 1,Great Basin,current,9A,St. Teresa High School|girls,1,,
Mater Dei,Cañada Grande,Vance,Halbrook Basin,2067.0,Division 1,Great Basin,current,8A,Nikolai Orlov|girls,1,,
Pinyon Ridge,Harriman,Emigrant,Kangas,2053.0,Division 1,Great Basin,current,8A,Katya Moroz North|girls,0,,
Ulysses Grant,Aldecoa,Vance,Halbrook Basin,2022.0,Division 1,Great Basin,current,8A,Aldecoa Depot High|girls,0,,
Hidden Draw,Harriman,Emigrant,Kangas,2021.0,Division 1,Great Basin,current,8A,Harriman South|girls,0,,
Aldecoa,Aldecoa,Vance,Halbrook Basin,1993.0,Division 1,Great Basin,current,8A,Aldecoa|girls,0,,
Cañada Grande,Cañada Grande,Vance,Halbrook Basin,1929.0,Division 1,Great Basin,current,8A,Cañada Grande|girls,0,,
Utah,Logan,Wellsville,Bear River Country,1800.0,Division 1,Great Basin,new_territory,,EXP-GC19,0,"Cache County, Utah",
Red Bluff,Echevarria,Vance,Halbrook Basin,1729.0,Division 1,Great Basin,current,8A,Echevarria I-50 Technical|girls,0,,
Boyle Heights,Carden City,Vance,Halbrook Basin,1703.0,Division 1,Great Basin,current,8A,Amaia Etxeberria|girls,0,,
Vermillion,Elko,Ruby,Silver Basin,1650.0,Division 1,Great Basin,new_territory,,EXP-GC01,0,"Elko County, Nevada",
Etchartville,Etchartville,Vance,Halbrook Basin,1645.0,Division 1,Great Basin,current,8A,Etchartville|girls,0,,
Homecroft,Homecroft,Vance,Halbrook Basin,1643.0,Division 1,Great Basin,current,8A,Homecroft|girls,0,,
Harriman,Harriman,Emigrant,Kangas,1564.0,Division 1,Great Basin,current,7A,Harriman|girls,0,,
Railyard,Rostova Junction,Emigrant,Kangas,1557.0,Division 1,Great Basin,current,7A,Rostova Junction Technical Arts Academy|girls,0,,
Rio San Juan,Evanston,Bridger,Bear River Country,1550.0,Division 1,Great Basin,new_territory,,EXP-GC28,0,"Uinta County, Wyoming",
Garden Plain,Harriman,Emigrant,Kangas,1543.0,Division 1,Great Basin,current,7A,Homestead North|girls,0,,
Green Valley,Harriman,Emigrant,Kangas,1540.0,Division 1,Great Basin,current,7A,St. Michael Academy North|girls,0,,
Homestead,Harriman,Emigrant,Kangas,1508.0,Division 1,Great Basin,current,7A,Homestead|girls,0,,
South Wheeler,Burley,Raft,Snake River Plain,1500.0,Division 1,Great Basin,new_territory,,EXP-GC07,0,"Cassia County, Idaho",
Coles Creek,Aldecoa,Vance,Halbrook Basin,1477.0,Division 1,Great Basin,current,7A,Pavel Kovalenko|girls,0,,
Zubieta,Zubieta,Vance,Halbrook Basin,1466.0,Division 1,Great Basin,current,7A,Zubieta|girls,0,,
Idaho Valley,Jerome,Eden,Snake River Plain,1450.0,Division 1,Great Basin,new_territory,,EXP-GC04,0,"Jerome County, Idaho",
Spring Branch,Zubieta,Vance,Halbrook Basin,1441.0,Division 1,Great Basin,current,7A,Beatriz Salcedo|girls,0,,
Simmons,Simmons,Vance,Halbrook Basin,1429.0,Division 1,Great Basin,current,7A,Stone Springs|girls,0,,
Carden City,Carden City,Vance,Halbrook Basin,1424.0,Division 1,Great Basin,current,7A,Carden City|girls,0,,
Emigrant,Harriman,Emigrant,Kangas,1401.0,Division 1,Great Basin,current,7A,Katya Moroz|girls,0,,
Armour Fields,Greaves,Vance,Halbrook Basin,1381.0,Division 1,Great Basin,current,7A,Viktor Gromov|girls,0,,
Irvington,Preston,Cub River,Bear River Country,1380.0,Division 1,Great Basin,new_territory,,EXP-GC13,0,"Franklin County, Idaho",
River Plain,Zubieta,Vance,Halbrook Basin,1316.0,Division 1,Great Basin,current,6A,Zubieta River Plain|girls,0,,
Pope Leo XIV,Aldecoa,Vance,Halbrook Basin,1314.0,Division 1,Great Basin,current,6A,Jon Garmendia|girls,1,,
Kingsway,Aurelia,Emigrant,Kangas,1313.0,Division 1,Great Basin,current,6A,Elena Petrenko|girls,0,,
Box Canyon,Harriman,Emigrant,Kangas,1274.0,Division 1,Great Basin,current,6A,John F. Kennedy North|girls,0,,
West Oberlin,Smithfield,Wellsville,Bear River Country,1250.0,Division 1,Great Basin,new_territory,,EXP-GC20,0,"Cache County, Utah",
Western Sky,Northrup,Vance,Halbrook Basin,1249.0,Division 1,Great Basin,current,6A,Ander Aramburu|girls,0,,
Granite Water & Power,Carden City,Vance,Halbrook Basin,1228.0,Division 1,Great Basin,current,6A,Opal Tillman|girls,0,,
Terrace Park,Etchartville,Vance,Halbrook Basin,1219.0,Division 1,Great Basin,current,6A,Terrace Park|girls,0,,
Fir Valley Grange,Rostova Junction,Emigrant,Kangas,1206.0,Division 1,Great Basin,current,6A,Mikel Echevarria|girls,0,,
Cincinnati,Malad City,Malad,Bear River Country,1200.0,Division 1,Great Basin,new_territory,,EXP-GC10,0,"Oneida County, Idaho",
Noe Valley,Cañada Grande,Vance,Halbrook Basin,1165.0,Division 1,Great Basin,current,6A,Itziar Lertxundi|girls,0,,
High Desert Cooperative,Etchartville,Vance,Halbrook Basin,1158.0,Division 1,Great Basin,current,6A,Sadie Freeman|girls,0,,
Atlanta,Wells,Ruby,Silver Basin,1100.0,Division 1,Great Basin,new_territory,,EXP-GC02,0,"Elko County, Nevada",
Charles Harbor,Simmons,Vance,Halbrook Basin,1082.0,Division 1,Great Basin,current,6A,Ainhoa Mendizabal|girls,0,,
Greaves,Greaves,Vance,Halbrook Basin,1080.0,Division 1,Great Basin,current,6A,Greaves|girls,0,,
Sluice Gate,Zubieta,Vance,Halbrook Basin,1074.0,Division 1,Great Basin,current,6A,Zubieta Manufacturing and Technology Academy|girls,0,,
Sawtelle,Aldecoa,Vance,Halbrook Basin,1066.0,Division 1,Great Basin,current,6A,Esteban Téllez|girls,0,,
Rostova Junction,Rostova Junction,Emigrant,Kangas,1059.0,Division 1,Great Basin,current,6A,Rostova Junction|girls,0,,
Goodman,Aurelia,Emigrant,Kangas,1043.0,Division 1,Great Basin,current,6A,Aurelia Classical Academy|girls,0,,
St. Casimir,Harriman,Emigrant,Kangas,1035.0,Division 1,Great Basin,current,6A,St. Casimir High School|girls,1,,
St. Catherine College Prep,Aldecoa,Vance,Halbrook Basin,1035.0,Division 1,Great Basin,current,6A,St. Catherine College Prep|girls,1,,
Baptist,Brynildson Hill,Windrow,Millersylvania,1029.0,Division 1,Great Basin,current,6A,Baptist HS|girls,1,,
Wyoming Valley,Montpelier,Beargrass,Bear River Country,1020.0,Division 1,Great Basin,new_territory,,EXP-GC16,0,"Bear Lake County, Idaho",
Copper Belt,Echevarria,Vance,Halbrook Basin,1019.0,Division 1,Great Basin,current,5A,Harold Tillman|girls,0,,
Aurelia,Aurelia,Emigrant,Kangas,1009.0,Division 1,Great Basin,current,5A,Aurelia|girls,0,,
Star Valley Regional,Kemmerer,Star Valley,Bear River Country,1000.0,Division 1,Great Basin,new_territory,,EXP-GC25,0,"Lincoln County, Wyoming",
St. Michael Academy,Harriman,Emigrant,Kangas,996.0,Division 1,Great Basin,current,5A,St. Michael Academy|girls,1,,
Stagewater County High,Cordero Wells,Stagewater,Kangas,980.0,Division 1,Great Basin,activation,,EXP-GA03,0,,
Burdensome,Garden City,Laketown,Bear River Country,950.0,Division 1,Great Basin,new_territory,,EXP-GC22,0,"Rich County, Utah",
Frontier,Harriman,Emigrant,Kangas,950.0,Division 1,Great Basin,current,5A,Frontier High|girls,0,,
Trailhead,Rostova Junction,Emigrant,Kangas,932.0,Division 1,Great Basin,current,5A,Emigrant Trail|girls,0,,
New Baltimore,Oakley,Raft,Snake River Plain,930.0,Division 1,Great Basin,new_territory,,EXP-GC08,0,"Cassia County, Idaho",
San Vito Regional,San Vito,Emigrant,Kangas,920.0,Division 1,Great Basin,activation,,EXP-GA01,0,,
Cedar Exchange,Tolland,Vance,Halbrook Basin,917.0,Division 1,Great Basin,current,5A,Garazi Mendizabal|girls,0,,
Skypark,Greaves,Vance,Halbrook Basin,916.0,Division 1,Great Basin,current,5A,Greaves Aviation and Engineering Academy|girls,0,,
New Boston,Harrow,Emigrant,Kangas,913.0,Division 1,Great Basin,current,5A,Harrow School of Design and Engineering|girls,0,,
Echevarria,Echevarria,Vance,Halbrook Basin,906.0,Division 1,Great Basin,current,5A,Harold Tillman North|girls,0,,
Bridger Regional,Lyman,Bridger,Bear River Country,900.0,Division 1,Great Basin,new_territory,,EXP-GC29,0,"Uinta County, Wyoming",
Dawkins,Franklin,Cub River,Bear River Country,900.0,Division 1,Great Basin,new_territory,,EXP-GC14,0,"Franklin County, Idaho",
Lodestone County High,Wellers Landing,Lodestone,Millersylvania,900.0,Division 1,Great Basin,activation,,EXP-GA08,0,,
Drayfield,Drayfield,Vance,Halbrook Basin,881.0,Division 1,Great Basin,current,5A,Drayfield|girls,0,,
Bonds,Malad City,Malad,Bear River Country,880.0,Division 1,Great Basin,new_territory,,EXP-GC11,0,"Oneida County, Idaho",
Reservoir Park,Drayfield,Vance,Halbrook Basin,873.0,Division 1,Great Basin,current,5A,Garfield Park|girls,0,,
Sluice Valley,Sage Junction,Stagewater,Kangas,870.0,Division 1,Great Basin,activation,,EXP-GA07,0,,Sage Junction slot; school renamed to avoid another Sage-name school
Crown Paper,Harriman,Emigrant,Kangas,864.0,Division 1,Great Basin,current,5A,Naomi Price|girls,0,,
Mirage Siding Regional,Mirage Siding,Scheelite,Millersylvania,860.0,Division 1,Great Basin,activation,,EXP-GA10,0,,
Empire,Drayfield,Vance,Halbrook Basin,845.0,Division 1,Great Basin,current,5A,Drayfield Foundry High|girls,0,,
Scheelite County,Dry Bar,Scheelite,Millersylvania,836.0,Division 2,Great Basin,current,5A,Scheelite County|girls,0,,
Portola,Rostova Junction,Emigrant,Kangas,823.0,Division 2,Great Basin,current,5A,Mikel Garmendia|girls,0,,
Wellsville County Catholic,Hyrum,Wellsville,Bear River Country,780.0,Division 2,Great Basin,new_territory,,EXP-GC21,1,"Cache County, Utah",
St. Elias College Prep,Echevarria,Vance,Halbrook Basin,730.0,Division 2,Great Basin,current,4A,St. Elias College Prep|girls,1,,
Pierre,Hazelton,Eden,Snake River Plain,720.0,Division 2,Great Basin,new_territory,,EXP-GC05,0,"Jerome County, Idaho",
Buckhorn,Carden City,Vance,Halbrook Basin,698.0,Division 2,Great Basin,current,4A,Carden City West Bench|girls,0,,
Chicago Island,Alpine,Star Valley,Bear River Country,650.0,Division 2,Great Basin,new_territory,,EXP-GC26,0,"Lincoln County, Wyoming",
Ruby County Catholic,Carlin,Ruby,Silver Basin,620.0,Division 2,Great Basin,new_territory,,EXP-GC03,1,"Elko County, Nevada",
Jean Baptiste,Paris,Beargrass,Bear River Country,610.0,Division 2,Great Basin,new_territory,,EXP-GC17,0,"Bear Lake County, Idaho",
St. Gabriel Academy,Cañada Grande,Vance,Halbrook Basin,597.0,Division 2,Great Basin,current,4A,St. Gabriel Academy|girls,1,,
St. Martin Preparatory,Greaves,Vance,Halbrook Basin,576.0,Division 2,Great Basin,current,4A,St. Martin Preparatory|girls,1,,
Oak Forest,Simmons,Vance,Halbrook Basin,569.0,Division 2,Great Basin,current,4A,Oksana Petrov|girls,0,,
Harrow,Harrow,Emigrant,Kangas,553.0,Division 2,Great Basin,current,4A,Harrow|girls,0,,
Clarendon,Rostova Junction,Emigrant,Kangas,552.0,Division 2,Great Basin,current,4A,St. Francis Xavier Preparatory|girls,1,,
Vonjo City,Vonjo City,Windrow,Millersylvania,548.0,Division 2,Great Basin,current,3A,Millport|girls,0,,
Laketown Regional,Randolph,Laketown,Bear River Country,540.0,Division 2,Great Basin,new_territory,,EXP-GC23,0,"Rich County, Utah",
Cardinal Newman,Homecroft,Vance,Halbrook Basin,520.0,Division 2,Great Basin,current,3A,Miren Garmendia|girls,1,,
Carmina,Carmina,Vance,Halbrook Basin,506.0,Division 2,Great Basin,current,3A,Carmina|girls,0,,
Star Valley Catholic,Afton,Star Valley,Bear River Country,500.0,Division 2,Great Basin,new_territory,,EXP-GC27,1,"Lincoln County, Wyoming",
Copper Bar,Copper Bar,Lodestone,Millersylvania,480.0,Division 2,Great Basin,activation,,EXP-GA09,0,,
Cutbank,Cutbank,Windrow,Millersylvania,470.0,Division 2,Great Basin,activation,,EXP-GA11,0,,
Bridger County Christian,Mountain View,Bridger,Bear River Country,460.0,Division 2,Great Basin,new_territory,,EXP-GC30,1,"Uinta County, Wyoming",
St. Dominic Academy,Vonjo City,Windrow,Millersylvania,431.0,Division 2,Great Basin,current,2A,St. Dominic Academy|girls,1,,
Eden County Christian,Eden,Eden,Snake River Plain,420.0,Division 2,Great Basin,new_territory,,EXP-GC06,1,"Jerome County, Idaho",
Galena,Galena,Galena,Millersylvania,419.0,Division 2,Great Basin,current,3A,Galena|girls,0,,
St. Brigid,Harrow,Emigrant,Kangas,412.0,Division 2,Great Basin,current,3A,St. Brigid School|girls,1,,
Cub River Catholic,Weston,Cub River,Bear River Country,410.0,Division 2,Great Basin,new_territory,,EXP-GC15,1,"Franklin County, Idaho",
Clear Lake,Rilland,Emigrant,Kangas,407.0,Division 2,Great Basin,current,3A,Alina Belov|girls,0,,
Elk Bluff,Elk Bluff,Windrow,Millersylvania,396.0,Division 2,Great Basin,current,3A,Elk Bluff|girls,0,,
West Burlington,Homecroft,Vance,Halbrook Basin,393.0,Division 2,Great Basin,current,3A,Homecroft Manufacturing and Technology Academy|girls,0,,
Raft County Catholic,Malta,Raft,Snake River Plain,390.0,Division 2,Great Basin,new_territory,,EXP-GC09,1,"Cassia County, Idaho",
Casimir Creek,Harriman,Emigrant,Kangas,372.0,Division 2,Great Basin,current,3A,St. Casimir High School North|girls,0,,
Lieksa,Lieksa,Emigrant,Kangas,366.0,Division 2,Great Basin,current,2A,Standale|girls,0,,
Malad County Christian,Malad City,Malad,Bear River Country,360.0,Division 2,Great Basin,new_territory,,EXP-GC12,1,"Oneida County, Idaho",
Fort Lassiter,Fort Lassiter,Lodestone,Millersylvania,355.0,Division 2,Great Basin,current,2A,Marshdale|girls,0,,
Canal Lock,Starlake,Vance,Halbrook Basin,352.0,Division 2,Great Basin,current,2A,Starlake Canal View|girls,0,,
Starlake,Starlake,Vance,Halbrook Basin,347.0,Division 2,Great Basin,current,2A,Starlake|girls,0,,
Diamante,Diamante,Emigrant,Kangas,338.0,Division 2,Great Basin,current,2A,Diamante|girls,0,,
River Market,Dovetail,Stagewater,Kangas,336.0,Division 2,Great Basin,current,2A,Marian Browne|girls,0,,
Beargrass Christian,Georgetown,Beargrass,Bear River Country,330.0,Division 2,Great Basin,new_territory,,EXP-GC18,1,"Bear Lake County, Idaho",
Iisalmi Union,Iisalmi,Emigrant,Kangas,324.0,Division 2,Great Basin,current,2A,Kelview Union|girls,0,,
Latgaway,Latgaway,Stagewater,Kangas,317.0,Division 2,Great Basin,current,2A,Latgaway|girls,0,,
Eagleton,Eagleton,Vance,Halbrook Basin,315.0,Division 2,Great Basin,current,2A,Eagleton|girls,0,,
Mabry Township,Mabry,Stagewater,Kangas,310.0,Division 2,Great Basin,activation,,EXP-GA05,0,,renamed from proposed Mabry school name to distinguish Mabryville
Rimrock,Meridian Passage,Galena,Millersylvania,304.0,Division 2,Great Basin,current,3A,Rimrock|girls,0,,
Norstead,Norstead,Galena,Millersylvania,298.0,Division 2,Great Basin,current,2A,Norstead|girls,0,,
Sotkamo Union,Sotkamo,Stagewater,Kangas,297.0,Division 2,Great Basin,current,2A,Milldale Union|girls,0,,
East Simmons,East Simmons,Windrow,Millersylvania,293.0,Division 2,Great Basin,current,2A,Aspen Harbor|girls,0,,
Naylors Landing,Naylors Landing,Stagewater,Kangas,290.0,Division 2,Great Basin,activation,,EXP-GA04,0,,
Meridia,Meridia,Vance,Halbrook Basin,288.0,Division 2,Great Basin,current,2A,Meridia|girls,0,,
Agate,Agate,Emigrant,Kangas,286.0,Division 2,Great Basin,current,2A,Agate|girls,0,,
St. Raphael College Prep,Elk Bluff,Windrow,Millersylvania,285.0,Division 2,Great Basin,current,2A,St. Raphael College Prep|girls,1,,
Laketown County Christian,Laketown,Laketown,Bear River Country,280.0,Division 2,Great Basin,new_territory,,EXP-GC24,1,"Rich County, Utah",
Georgia Mills,Georgia Mills,Lodestone,Millersylvania,279.0,Division 2,Great Basin,current,2A,Graymont|girls,1,,
Ocean Park,Lieksa,Emigrant,Kangas,277.0,Division 2,Great Basin,current,2A,Garazi Aramburu|girls,0,,
Dovetail,Dovetail,Stagewater,Kangas,276.0,Division 2,Great Basin,current,1A,Dovetail|girls,0,,
Twin Rivers,Ulery Junction,Emigrant,Kangas,274.0,Division 2,Great Basin,current,2A,Twin Rivers|girls,0,,
Etchart,Etchart,Lodestone,Millersylvania,270.0,Division 2,Great Basin,current,2A,Etchart|girls,0,,
Lodestone,Lodestone,Emigrant,Kangas,250.0,Division 2,Great Basin,current,2A,Lodestone|girls,0,,
Rilland,Rilland,Emigrant,Kangas,250.0,Division 2,Great Basin,current,2A,Rilland|girls,0,,
Nurmes,Nurmes,Emigrant,Kangas,242.0,Division 2,Great Basin,current,2A,Elmfield|girls,0,,
Tungsten Reach,Tungsten Reach,Scheelite,Millersylvania,231.0,Division 2,Great Basin,current,2A,Tungsten Reach|girls,0,,
Minnesota City,Minnesota City,Emigrant,Kangas,215.0,Division 2,Great Basin,current,2A,Minnesota City|girls,0,,
Blue Valley,Galena,Galena,Millersylvania,211.0,Division 2,Great Basin,current,2A,Nerea Urrutia|girls,0,,
Northrup I-50 Tech,Northrup,Vance,Halbrook Basin,203.0,Division 2,Great Basin,current,1A,Northrup I-50 Technical|girls,0,,
North Simmons,North Simmons,Stagewater,Kangas,197.0,Division 2,Great Basin,current,1A,Trout Point|girls,0,,
Antler Prairie,Antler Prairie,Stagewater,Kangas,192.0,Division 2,Great Basin,current,1A,Antler Prairie|girls,0,,
Union Prairie,Ferris,Galena,Millersylvania,189.0,Division 2,Great Basin,current,1A,Ferris Union|girls,0,,
Saltbush Reach,Saltbush Reach,Scheelite,Millersylvania,187.0,Division 2,Great Basin,current,1A,Saltbush Reach|girls,0,,
Weller Regional,Yandell City,Emigrant,Kangas,187.0,Division 2,Great Basin,current,1A,Weller Regional|girls,0,,
Huckle Butte,Huckle Butte,Galena,Millersylvania,181.0,Division 2,Great Basin,current,1A,Huckle Butte|girls,0,,
Ashbrook,Ashbrook,Emigrant,Kangas,180.0,Division 2,Great Basin,activation,,EXP-GA02,0,,
Oscar Michaeux,Stagewater,Stagewater,Kangas,168.0,Division 2,Great Basin,current,1A,Oscar Michaeux|girls,0,,
Silver Junction,Silver Junction,Stagewater,Kangas,160.0,Division 2,Great Basin,activation,,EXP-GA06,0,,
Sixes,Sixes,Stagewater,Kangas,157.0,Division 2,Great Basin,current,1A,Sixes|girls,0,,
Doyleville Union,Doyleville,Windrow,Millersylvania,150.0,Division 2,Great Basin,activation,,EXP-GA12,0,,
Mirage Crossing,Mirage Crossing,Scheelite,Millersylvania,149.0,Division 2,Great Basin,current,1A,Mirage Crossing|girls,0,,
Silver Lake,Aftdahl Ridge,Galena,Millersylvania,147.0,Division 2,Great Basin,current,2A,Silver Lake|girls,0,,
Espoo,Espoo,Stagewater,Kangas,140.0,Division 2,Great Basin,current,1A,Keldale|girls,1,,
Kendricks Landing,Kendricks Landing,Stagewater,Kangas,135.0,Division 2,Great Basin,current,1A,Kendricks Landing|girls,0,,
Basalt Prairie Union,Basalt Prairie,Stagewater,Kangas,128.0,Division 2,Great Basin,current,1A,Basalt Prairie Union|girls,0,,
Windrow,Windrow,Windrow,Millersylvania,118.0,Division 2,Great Basin,current,1A,Windrow|girls,0,,
Brynildson Hill,Brynildson Hill,Windrow,Millersylvania,113.0,Division 2,Great Basin,current,1A,Hetfield|girls,0,,
Sage Village,Sage Village,Windrow,Millersylvania,107.0,Division 2,Great Basin,current,1A,Sage Lake|girls,0,,
Galactica Plains,Galactica Plains,Emigrant,Kangas,105.0,Division 2,Great Basin,current,1A,Sage Meadows|girls,0,,
Assay,Assay,Windrow,Millersylvania,100.0,Division 2,Great Basin,current,1A,Assay|girls,0,,
Kuusamo,Kuusamo,Emigrant,Kangas,98.0,Division 2,Great Basin,current,1A,Millview|girls,0,,
Southern Jefferson Christian,Latgaway,Stagewater,Kangas,93.0,Division 2,Great Basin,current,1A,Southern Jefferson Christian|girls,1,,
Mabryville,Mabryville,Galena,Millersylvania,88.0,Division 2,Great Basin,current,1A,Mabryville|girls,0,,
Ninemile,Ninemile,Emigrant,Kangas,74.0,Division 2,Great Basin,current,1A,Ninemile|girls,0,,
Raahe,Raahe,Stagewater,Kangas,71.0,Division 2,Great Basin,current,1A,Stone Meadows|girls,0,,
High Prairie,Placer,Windrow,Millersylvania,57.0,Division 2,Great Basin,current,1A,High Prairie|girls,0,,
