gender,lower_name,lower_program,lower_class,lower_rating,higher_name,higher_program,higher_class,higher_rating,gap,meetings,lower_wins,lower_losses,max_win_streak,scores
girls,Samantha McPherson,Burdensome,Group 2,67.0,Lauryn Tosch,Hampton,Group 2,76.0,9.0,3,3,0,3,"0-6, 6-2, 1-6 | 7-6, 6-7, 6-3 | 5-7, 7-5, 1-6"
boys,Johan Zanutto,Pendleton,5A,81.0,Declan Brewster,Providence Academy,5A,86.0,5.0,3,3,0,3,"7-5, 6-3 | 3-6, 1-6 | 3-6, 5-7"
girls,Thérèse Paquette,Coleman,8A,77.0,Chloe Hilliker,Dogpatch,8A,82.0,5.0,3,3,0,3,"3-6, 2-6 | 6-1, 6-1 | 3-6, 6-4, 2-6"
boys,Jamie Lefevre,Madrigal,8A,66.0,Gabriel Hutchinson,Okefenokee,8A,71.0,5.0,3,3,0,3,"6-4, 4-6, 7-6 | 3-6, 4-6 | 6-4, 6-7, 4-6"
girls,Collins Terrell,Latgaway,Group 3,67.0,Cassidy Pace-Wilson,Riverview,Group 3,89.0,22.0,2,2,0,2,"2-6, 6-4, 6-7 | 6-4, 1-6, 6-4"
girls,Zahra Ait Ali,Singleton,Group 3,54.0,Brooke Elie,Raft County Catholic,Group 3,75.0,21.0,2,2,0,2,"7-5, 7-6 | 6-1, 5-7, 4-6"
girls,Alexa Olden,Salmon Bay,1A,51.0,Bristol Jurado,Redwood Glen,1A,70.0,19.0,2,2,0,2,"6-4, 0-6, 6-4 | 2-6, 6-2, 6-7"
girls,Payton Guerrero,Anse Doree,8A,64.0,Kaela Wood,East Moscow,8A,82.0,18.0,2,2,0,2,"4-6, 6-3, 2-6 | 3-6, 6-1, 6-3"
boys,Tucker Gatti,Romare Bearden,Group 1,57.0,Timothy Grantham,Boyle Heights,Group 1,75.0,18.0,2,2,0,2,"6-4, 7-6 | 6-7, 6-7"
girls,Savannah Sansom,Berrio,3A,58.0,Hannah Sandlin,Tallgrass,3A,76.0,18.0,2,2,0,2,"6-3, 4-6, 6-4 | 6-2, 4-6, 4-6"
boys,Kaden Durham,Ironwood Flats,8A,42.0,Alvin Taveras,Caswell,8A,59.0,17.0,3,2,1,2,"3-6, 6-2, 7-6 | 1-6, 6-4, 6-3 | 3-6, 6-1, 3-6"
boys,Drayk Chinh,Lodestone County,Group 2,78.0,Hayden Chen,Minidoka,Group 2,95.0,17.0,2,2,0,2,"6-4, 2-6, 6-1 | 4-6, 6-2, 4-6"
girls,Elise Jackson,Alameda,7A,60.0,Autumn Colley,Robledo,7A,76.0,16.0,3,2,1,2,"6-2, 6-1 | 6-1, 2-6, 6-3 | 6-1, 6-7, 5-7"
girls,Eva Persons,Verrettes,6A,56.0,Reyna Debrody,Manzanita,6A,72.0,16.0,2,2,0,2,"6-2, 5-7, 7-5 | 6-3, 4-6, 5-7"
boys,Kobe Chavira,Evenfall,6A,64.0,Oscar Hernandez,Marigny,6A,79.0,15.0,2,2,0,2,"3-6, 6-3, 6-4 | 4-6, 6-4, 6-7"
girls,Thida Than,Money,Group 2,50.0,Zenda Renwick,Laketown Regional,Group 2,65.0,15.0,2,2,0,2,"6-1, 1-6, 4-6 | 4-6, 7-6, 6-4"
boys,Abdelali Mahrez,Seamus Town,2A,78.0,Benjamin De Leon,Cherry Hill North,2A,93.0,15.0,2,2,0,2,"1-6, 3-6 | 6-2, 6-3"
boys,Soane Borowiak,Dry Fork,8A,64.0,Edward Pedro,Breakwater,8A,79.0,15.0,2,2,0,2,"6-4, 6-7, 2-6 | 7-6, 6-3"
boys,Adrian Taylor,Santa Laura,9A,67.0,Benjamin Kendrick,Morgan Park,9A,81.0,14.0,2,2,0,2,"6-1, 4-6, 6-7 | 6-2, 6-4"
girls,Kennedy Davis,Featherton,2A,66.0,Hazel Geib,Governor Woods,2A,80.0,14.0,2,2,0,2,"7-6, 4-6, 1-6 | 6-4, 6-2"
boys,Robert Wright,Tungsten,Group 3,48.0,Marquise Leslie,Fort Lassiter,Group 3,62.0,14.0,2,2,0,2,"7-6, 7-6 | 4-6, 6-2, 6-7"
boys,Donovan Seixas,Cherry Hill East,7A,84.0,Henry Gomez,Condotti Vanguard Academy,7A,97.0,13.0,3,2,1,2,"6-2, 6-4 | 4-6, 6-2, 5-7 | 3-6, 4-6"
boys,Alex O'Neil,Helena Academy,4A,70.0,Davon Millard,Eastmont,4A,83.0,13.0,3,2,1,2,"6-4, 4-6, 6-4 | 6-7, 6-2, 3-6 | 6-3, 7-5"
girls,Sophia Dahl,Mar Vista,9A,62.0,Avery Flournoy,Tamarack,9A,75.0,13.0,2,2,0,2,"6-4, 0-6, 6-4 | 5-7, 3-6"
boys,Jordan Chamberlain,Benton Park,9A,50.0,Jordan Tasker,Van Buren,9A,63.0,13.0,2,2,0,2,"1-6, 6-7 | 6-4, 6-2"
girls,Genesis Davis,Terrace Park,Group 1,86.0,Carmen Soller,St. Teresa,Group 1,99.0,13.0,2,2,0,2,"6-4, 3-6, 7-6 | 6-4, 6-4"
girls,Charity Brock,Sojourner Truth,4A,37.0,Beatrice Konig,Wyalusing,4A,50.0,13.0,2,2,0,2,"5-7, 7-5, 6-4 | 3-6, 4-6"
boys,Ruairi Magill,Robeson,Group 1,58.0,Brady Marquis,Tallulah Central,Group 1,71.0,13.0,2,2,0,2,"6-7, 2-6 | 3-6, 6-1, 6-0"
boys,Caleb Augustin,Green River,Group 1,71.0,Davion Hecklinski,Vermillion,Group 1,84.0,13.0,2,2,0,2,"3-6, 6-7 | 6-4, 1-6, 6-7"
girls,Ariel Larsen,Irrigon,1A,56.0,Ceci Noonan,Weston-McEwen,1A,68.0,12.0,2,2,0,2,"1-6, 6-1, 6-0 | 3-6, 6-3, 6-7"
boys,Stanley Dizon,Coleman,8A,67.0,Edward Pedro,Breakwater,8A,79.0,12.0,2,2,0,2,"7-5, 6-3 | 2-6, 6-2, 5-7"
boys,Erik Camara,Atlanta,Group 1,52.0,Teriq Nanda,Jemison,Group 1,64.0,12.0,2,2,0,2,"5-7, 6-1, 6-3 | 3-6, 6-1, 1-6"
girls,Erika Laskutova,Crown Paper,Group 2,49.0,Jayda Hernandez,Harriman East,Group 2,61.0,12.0,2,2,0,2,"7-6, 6-7, 3-6 | 6-4, 6-4"
boys,Griffin Serrano,Glen Park,6A,49.0,Dylan Mannix,Emerson,6A,61.0,12.0,2,2,0,2,"3-6, 6-2, 4-6 | 7-5, 4-6, 6-3"
boys,Arturo Moore,Nurmes,Group 3,72.0,Keith Hattori,Ashbrook,Group 3,84.0,12.0,2,2,0,2,"2-6, 6-4, 3-6 | 3-6, 6-4, 7-6"
girls,Taryn Paige,Elk Bluff West,Group 3,57.0,Valeria Lopez,Fort Lassiter,Group 3,69.0,12.0,2,2,0,2,"6-4, 2-6, 6-3 | 6-0, 6-7, 2-6"
girls,Madilyn Hsu,Tide Point,5A,38.0,Paige Slade,East Range Agricultural,5A,50.0,12.0,2,2,0,2,"6-4, 3-6, 4-6 | 6-3, 7-5"
boys,Joshua Staudt,Mabry Township,Group 3,61.0,Liam DeLuca,Michaeux,Group 3,73.0,12.0,2,2,0,2,"6-7, 7-5, 6-2 | 3-6, 6-0, 2-6"
girls,Olga Gerun,Hawk Lake,6A,79.0,Audrey Reaves,Oakhaven,6A,91.0,12.0,2,2,0,2,"6-4, 6-1 | 6-3, 3-6, 3-6"
girls,Destiny Archer,Weissburg,4A,54.0,Celeste Wilkinson,Passaic,4A,66.0,12.0,2,2,0,2,"6-7, 6-1, 4-6 | 6-4, 6-4"
boys,Harrison Wilson,Los Robles,7A,48.0,Nasir Klick,Parkside,7A,60.0,12.0,2,2,0,2,"7-6, 6-3 | 6-1, 6-7, 2-6"
girls,Kensley Loera,Trois Ilets,7A,57.0,Janiya Romanelli,Indigo Rim,7A,69.0,12.0,2,2,0,2,"2-6, 6-4, 7-5 | 5-7, 5-7"
girls,Emma Ramos,Enterprise,2A,58.0,Mina Simanić,Haddon,2A,69.0,11.0,2,2,0,2,"7-5, 0-6, 6-4 | 3-6, 6-1, 4-6"
girls,Ximena Wells,Green River,Group 1,52.0,Brianna Janson,Rostova Tech,Group 1,63.0,11.0,2,2,0,2,"4-6, 7-5, 3-6 | 3-6, 4-6"
boys,Jackson Salazar,Brynildson Hill,Group 3,44.0,Jude Bennett,Silver Junction,Group 3,55.0,11.0,2,2,0,2,"4-6, 4-6 | 6-3, 6-4"
boys,Marco Cervantes,San Vito Regional,Group 2,63.0,Santiago Hendrickson,Homeland,Group 2,74.0,11.0,2,2,0,2,"6-4, 6-7, 5-7 | 6-2, 3-6, 7-6"
boys,Justin Dale,Mt Jacqueline,1A,49.0,Brantley Jeffers,Glenwood,1A,60.0,11.0,2,2,0,2,"3-6, 6-4, 4-6 | 7-6, 7-6"
boys,Robert Moore,Galena,Group 2,43.0,Joshua Hoopes,Copper Bar,Group 2,54.0,11.0,2,2,0,2,"6-3, 6-2 | 3-6, 2-6"
boys,Omar Martinez,Carter,9A,61.0,Francis Beatty,Seagrove,9A,72.0,11.0,2,2,0,2,"2-6, 6-2, 6-4 | 4-6, 6-1, 5-7"
girls,Grace Rodgers,Forest Park,9A,72.0,Avery Sandoval,Snowline,9A,83.0,11.0,2,2,0,2,"7-6, 6-3 | 3-6, 6-7"
boys,Joseph Dailey,North Wind,3A,60.0,Sandy Ciamarra,New Leiden,3A,71.0,11.0,2,2,0,2,"3-6, 4-6 | 2-6, 6-4, 6-2"
boys,Johannes Eide,Bridgewater,6A,61.0,Greyson Cardwell,C. Coolidge,6A,72.0,11.0,2,2,0,2,"4-6, 6-2, 3-6 | 6-3, 6-7, 4-6"
boys,Miguel Torres,San Tomás,9A,66.0,Elijah Kibble,Coyote Bend,9A,77.0,11.0,2,2,0,2,"3-6, 4-6 | 3-6, 7-5, 6-3"
girls,Genesis Turner,Santa Laura,9A,56.0,Shauna-Kaye Saucedo,Charlotte,9A,67.0,11.0,2,2,0,2,"7-5, 6-1 | 5-7, 3-6"
boys,Samuel Chambers,Silver Junction,Group 3,65.0,Wilbur Vincelette,Elk Bluff,Group 3,76.0,11.0,2,2,0,2,"4-6, 4-6 | 7-6, 7-6"
boys,Elijah Schneider,Caldera,8A,71.0,Kody Lynn,Lower Lake,8A,82.0,11.0,2,2,0,2,"6-3, 6-7, 6-4 | 6-4, 3-6, 6-7"
boys,Anthony Evans,Fort Carden,8A,51.0,Colin Moffett,Caldera,8A,62.0,11.0,2,2,0,2,"4-6, 7-5, 6-2 | 6-4, 6-7, 2-6"
girls,Ella Ivie,Hampton,Group 2,62.0,Norma Yanagi,Wyoming Valley,Group 2,73.0,11.0,2,2,0,2,"6-7, 6-2, 5-7 | 5-7, 7-5, 6-4"
girls,Paisley Benson,Carden Pass,6A,75.0,Magüi Medina,Chaminade,6A,86.0,11.0,2,2,0,2,"6-4, 6-4 | 6-3, 5-7, 6-7"
girls,Ndèye Siamfuko,Crater View,8A,81.0,Lilly Campbell,East Moscow,8A,92.0,11.0,2,2,0,2,"6-4, 6-4 | 6-4, 7-5"
boys,Melvin Abrahamson,Pawnee,6A,66.0,Asher Rhee,Pelican Town,6A,77.0,11.0,2,2,0,2,"3-6, 5-7 | 6-3, 6-7, 6-1"
boys,Marquise Leslie,Fort Lassiter,Group 3,62.0,Nathan Kemp,Topeka,Group 3,73.0,11.0,2,2,0,2,"4-6, 6-2, 6-7 | 4-6, 2-6"
boys,Jacob Damico,Bracken,4A,57.0,Roberto Louis,Marlow,4A,68.0,11.0,2,2,0,2,"6-7, 6-2, 6-1 | 6-7, 6-3, 2-6"
girls,Frances Qin,Lago Vista,8A,31.0,Larissa Childs,Harlan,8A,42.0,11.0,2,2,0,2,"6-0, 6-7, 6-7 | 7-5, 6-2"
boys,Jamal Bergin,Hampton,Group 2,78.0,William Leon,Spring Harvest,Group 2,89.0,11.0,2,2,0,2,"6-2, 6-4 | 3-6, 6-2, 4-6"
boys,Marcos Friedman,Crown Paper,Group 2,49.0,Tyler Hernandez,Clear Lake,Group 2,60.0,11.0,2,2,0,2,"3-6, 1-6 | 6-2, 6-1"
boys,Sua Jamerson,Barley Gap,1A,59.0,Pravin Vahed,St. Josephine Bakhita,1A,70.0,11.0,2,2,0,2,"4-6, 6-0, 6-3 | 3-6, 3-6"
girls,Katherine Stevens,Muskogee,Group 2,53.0,Elizabeth Macy,Norfolk,Group 2,64.0,11.0,2,2,0,2,"6-0, 6-3 | 4-6, 6-2, 4-6"
boys,Diego Banks,Cole Valley,Group 1,82.0,Levi Boyett,Terrace Park,Group 1,92.0,10.0,3,2,1,2,"4-6, 4-6 | 0-6, 6-4, 6-4 | 3-6, 4-6"
boys,Jayson Hunt,Potrero Hill,9A,49.0,Eli Diaz,Polk,9A,59.0,10.0,2,2,0,2,"3-6, 4-6 | 6-4, 6-4"
boys,Donald Jefferson,Scheelite County,Group 2,54.0,Mayson Cortez,Kuopio,Group 2,64.0,10.0,2,2,0,2,"6-4, 1-6, 4-6 | 6-7, 7-5, 6-2"
boys,Carter Fenn,Cañada Grande,Group 1,68.0,Seamus Mahony,Furnace Creek,Group 1,78.0,10.0,2,2,0,2,"2-6, 5-7 | 7-6, 4-6, 6-1"
boys,Adalberto Llorente,Huerta,9A,77.0,Alejandro Leonard,Meriwether,9A,87.0,10.0,2,2,0,2,"3-6, 6-4, 6-3 | 2-6, 6-4, 6-7"
boys,Don Jagusah,Wildrye,Group 2,70.0,Marcell Bonga,Wyoming Valley,Group 2,80.0,10.0,2,2,0,2,"6-4, 6-7, 6-3 | 7-6, 6-4"
girls,Natalia Nation,Eastgate North,6A,62.0,Ella Corson,Golden State,6A,72.0,10.0,2,2,0,2,"4-6, 6-1, 2-6 | 6-4, 6-1"
girls,Avery Smith,Aranaz,Group 2,62.0,Jacqueline Beard,Norwood Park,Group 2,72.0,10.0,2,2,0,2,"1-6, 6-2, 7-6 | 6-7, 6-4, 3-6"
boys,Kaiden Vanvleet,Arroyo Seco,9A,44.0,Jaxen Jacobs,Bannock,9A,54.0,10.0,2,2,0,2,"4-6, 2-6 | 7-6, 6-2"
girls,Valentina Robeson,Fort Carden,8A,63.0,Chloe Sokol,Summit,8A,73.0,10.0,2,2,0,2,"1-6, 6-4, 4-6 | 2-6, 6-3, 7-5"
girls,Quinn Munoz,The Dalles,5A,62.0,Fiona Canedo,Central West End,5A,72.0,10.0,2,2,0,2,"6-2, 5-7, 6-1 | 1-6, 4-6"
girls,Edith Muto,Eatonville,Group 3,58.0,Emma Mercado,Quincy,Group 3,68.0,10.0,2,2,0,2,"6-2, 6-7, 4-6 | 6-2, 6-4"
girls,Mya Smith,Fort Halloran,4A,53.0,Camila Withers,Bracken,4A,63.0,10.0,2,2,0,2,"6-7, 7-5, 5-7 | 3-6, 6-3, 6-2"
boys,Pablo Dawood,Tungsten,Group 3,45.0,Jude Bennett,Silver Junction,Group 3,55.0,10.0,2,2,0,2,"6-2, 6-3 | 6-2, 5-7, 4-6"
boys,Eli Kreger,Bridger Regional,Group 2,58.0,Weston Fermin,Boley,Group 2,68.0,10.0,2,2,0,2,"4-6, 3-6 | 7-6, 1-6, 6-4"
girls,Sara Chesser,Ibarra,Group 2,49.0,Brooklynn Dupont,Wong,Group 2,59.0,10.0,2,2,0,2,"2-6, 2-6 | 6-2, 7-5"
girls,Kaylee Valdivia,Benchton,5A,47.0,Lyla McGrew,Hackensack,5A,57.0,10.0,2,2,0,2,"3-6, 7-6, 3-6 | 6-3, 7-6"
boys,Ty Roehl,Passaic,4A,61.0,Javier Falcón,Edgewater,4A,71.0,10.0,2,2,0,2,"7-5, 7-6 | 4-6, 5-7"
boys,Sigit Solo,The Dalles,5A,53.0,Jackson Reynolds,Gate City,5A,63.0,10.0,2,2,0,2,"5-7, 4-6 | 6-4, 3-6, 6-3"
girls,Cassidy Reiff,Etchart,Group 3,43.0,Hanna Seaton,Meridia,Group 3,53.0,10.0,2,2,0,2,"6-2, 6-1 | 6-7, 6-0, 5-7"
girls,Penelope Chumley,Union Prairie,Group 3,33.0,Kimberly McGahee,Norstead,Group 3,43.0,10.0,2,2,0,2,"3-6, 7-6, 4-6 | 6-3, 6-2"
girls,Monica Holladay,Steelhead Divide,3A,62.0,Chana Washington,Grayston,3A,72.0,10.0,2,2,0,2,"6-4, 4-6, 6-3 | 2-6, 6-3, 4-6"
boys,Joel Barba,Coldwater,Group 2,58.0,Weston Fermin,Boley,Group 2,68.0,10.0,2,2,0,2,"7-6, 6-3 | 6-2, 3-6, 1-6"
girls,Taniyah Netter,Plainfield,8A,81.0,Vanessa Kramer,Pacific Gate,8A,90.0,9.0,4,2,2,2,"6-7, 6-2, 4-6 | 4-6, 6-3, 6-4 | 6-4, 6-0 | 7-6, 4-6, 6-4"
girls,Noa Razo,Charles Harbor,Group 1,63.0,Carol-Ann Saitch,River Plain,Group 1,72.0,9.0,3,2,1,2,"6-2, 6-3 | 6-2, 4-6, 3-6 | 5-7, 3-6"
girls,Lily Grout,Klamath,7A,48.0,Layla Walker,Parkside,7A,57.0,9.0,3,2,1,2,"6-2, 3-6, 6-7 | 7-6, 6-0 | 6-1, 6-7, 5-7"
girls,Ashley Chavez,Punta del Águila,1A,65.0,Madison Turpin,Los Remolinos,1A,74.0,9.0,2,2,0,2,"6-1, 6-3 | 3-6, 2-6"
boys,Darien Rinker,North Antler Regional,2A,64.0,Nick Kinzer,Cape Angeles,2A,73.0,9.0,2,2,0,2,"1-6, 7-6, 4-6 | 6-3, 6-4"
boys,Vince Krall,Windrow,Group 3,39.0,Santiago Lopez,Assay,Group 3,48.0,9.0,2,2,0,2,"6-2, 3-6, 6-4 | 3-6, 3-6"
boys,Omar Sosa,Ransoms Landing,1A,50.0,Dann Hurd,Alfalfa City,1A,59.0,9.0,2,2,0,2,"6-2, 6-7, 3-6 | 6-4, 6-4"
boys,Per Boateng,Coast Prairie,1A,48.0,Mansoor Khan,Carolina Island,1A,57.0,9.0,2,2,0,2,"6-4, 7-5 | 5-7, 6-1, 5-7"
boys,Kelly Keegan,Gold Hollow,2A,49.0,Yates Fitzgibbon,Cape Angeles,2A,58.0,9.0,2,2,0,2,"3-6, 7-5, 6-3 | 6-3, 4-6, 0-6"
girls,Evelyn Squires,New Penzance Island,1A,57.0,Madelynn Santos,Bidwell,1A,66.0,9.0,2,2,0,2,"4-6, 6-4, 1-6 | 5-7, 6-4, 6-4"
boys,Jude Clemmons,Gilhooly,2A,47.0,Allen Chiodo,Canaan Bend,2A,56.0,9.0,2,2,0,2,"6-2, 1-6, 6-7 | 6-3, 4-6, 6-4"
girls,Mila Mitra,Olivet County,8A,58.0,Kyla Westby,Paddock County,8A,67.0,9.0,2,2,0,2,"6-4, 3-6, 4-6 | 4-6, 6-3, 7-6"
girls,Elise Prusoff,Ontario,5A,70.0,Hasna Benhamou,Providence Academy,5A,79.0,9.0,2,2,0,2,"6-4, 6-7, 2-6 | 6-3, 6-2"
girls,Anna Fonseca,Kochiyama,4A,54.0,Camila Withers,Bracken,4A,63.0,9.0,2,2,0,2,"3-6, 3-6 | 6-2, 6-4"
girls,Valentina Koenig,Hawk Lake,6A,70.0,Anhelina Stepanenko,Benedetti,6A,79.0,9.0,2,2,0,2,"1-6, 6-3, 3-6 | 7-5, 1-6, 6-2"
boys,Pierce Simms,Evenfall,6A,57.0,Jackson Hollingsworth,Starfield,6A,66.0,9.0,2,2,0,2,"2-6, 3-6 | 6-1, 7-5"
girls,Jaylynn Ritchie,Pelican Town,6A,64.0,Violet Duong,Pawnee,6A,73.0,9.0,2,2,0,2,"1-6, 6-2, 6-3 | 6-1, 2-6, 4-6"
girls,Dolores Brekelmans,Playa Honda,1A,50.0,Avery Burch,California Beach,1A,59.0,9.0,2,2,0,2,"1-6, 6-4, 6-3 | 6-0, 2-6, 3-6"
girls,Mercedes Saiz,Meridian Regional,2A,82.0,Serenity Nunn,Union,2A,91.0,9.0,2,2,0,2,"6-4, 6-3 | 6-3, 2-6, 4-6"
boys,Enzo Jerkins,Elk Crossing,3A,52.0,Mateo Romero,Tunnelwood,3A,61.0,9.0,2,2,0,2,"6-2, 6-3 | 1-6, 6-2, 4-6"
boys,Noah Miller,Carver,6A,73.0,Grayson Rutledge,C. Coolidge,6A,82.0,9.0,2,2,0,2,"6-4, 5-7, 3-6 | 6-4, 4-6, 6-4"
boys,Alexander Dykes,Eatonville,Group 3,56.0,Emery Rosinski,Beargrass,Group 3,65.0,9.0,2,2,0,2,"3-6, 6-4, 7-5 | 6-7, 7-5, 4-6"
girls,Katherine Carr,North Coast,8A,49.0,Ella Tubbs,Waldo,8A,58.0,9.0,2,2,0,2,"6-4, 6-3 | 4-6, 7-6, 2-6"
girls,Facunda Arreola,Huerta,9A,67.0,Kinley Hubbard,Charlotte,9A,76.0,9.0,2,2,0,2,"4-6, 6-4, 2-6 | 3-6, 6-1, 6-2"
girls,Sabina Gibbs,Barlowe County,4A,70.0,Presley McClanahan,Indigo Bend,4A,79.0,9.0,2,2,0,2,"2-6, 6-7 | 6-3, 6-1"
boys,Legend Uribe,Xavier College Prep,8A,63.0,Brendan Zerr,Olive Head,8A,72.0,9.0,2,2,0,2,"6-1, 4-6, 2-6 | 5-7, 7-5, 6-0"
boys,Joel Hess,The Dalles,5A,59.0,Austin Emery,Central West End,5A,67.0,8.0,3,2,1,2,"6-3, 7-6 | 6-7, 4-6 | 7-5, 6-3"
boys,DeCarlos Zapata,Websterfield,5A,71.0,Kymani Jones,Verde Highlands,5A,79.0,8.0,3,2,1,2,"6-2, 2-6, 3-6 | 6-4, 6-4 | 6-4, 2-6, 6-3"
girls,Carly Acker,Wheeler Academy,7A,50.0,Rylee Rothman,J. Madison,7A,58.0,8.0,2,2,0,2,"3-6, 3-6 | 7-5, 4-6, 6-3"
boys,Samson Gomes,Flume River,4A,52.0,Marko Kroos,Prune Springs,4A,60.0,8.0,2,2,0,2,"3-6, 6-3, 6-1 | 4-6, 6-4, 2-6"
girls,Faith Young,Roscoe Village,5A,60.0,Lashay Kendrick,Willow Creek,5A,68.0,8.0,2,2,0,2,"6-2, 6-7, 2-6 | 5-7, 6-3, 6-2"
girls,Mattie Smith,Union,2A,64.0,Kassidy Ruggieri,Lewis,2A,72.0,8.0,2,2,0,2,"6-3, 6-3 | 6-7, 2-6"
boys,Zane Laloulu,Irrigon,1A,55.0,Joshua Villatoro,Weston-McEwen,1A,63.0,8.0,2,2,0,2,"6-4, 6-2 | 6-7, 6-1, 3-6"
girls,Alyssa Gutierrez,Silver Glen,3A,55.0,Katelyn Price,Western Slope,3A,63.0,8.0,2,2,0,2,"6-4, 6-4 | 3-6, 7-6, 4-6"
girls,Kenzie Hausmann,Forge Hollow,3A,57.0,Addison Beard,Mill Bar,3A,65.0,8.0,2,2,0,2,"7-5, 3-6, 6-2 | 3-6, 6-7"
girls,Elliana Whited,Bonds,Group 2,51.0,Madison Escalera,Coldwater,Group 2,59.0,8.0,2,2,0,2,"6-1, 3-6, 6-4 | 1-6, 6-4, 3-6"
boys,Mason Tran,Millworks,4A,70.0,Camron Brenes,Biloxi Heights,4A,78.0,8.0,2,2,0,2,"6-4, 3-6, 4-6 | 3-6, 6-4, 6-2"
girls,Mira Bajrami,Norstead,Group 3,47.0,Giselle Ray,Blue Valley,Group 3,55.0,8.0,2,2,0,2,"6-4, 5-7, 3-6 | 6-2, 6-1"
boys,Jabari Cozart,Marlow,4A,59.0,Luca Horton,Taft,4A,67.0,8.0,2,2,0,2,"6-2, 6-4 | 5-7, 5-7"
boys,Trent Bloss,Saltmarsh,3A,49.0,Arkel Bedard,River North,3A,57.0,8.0,2,2,0,2,"7-6, 4-6, 7-6 | 1-6, 4-6"
girls,Peanut Collarini,Stonehaven,8A,62.0,Audrey Jensen,Elysian Valley,8A,70.0,8.0,2,2,0,2,"4-6, 6-7 | 4-6, 6-4, 6-3"
boys,Melquiades Ruiz,Sixes,Group 3,44.0,Jesus Seales,Iisalmi Union,Group 3,52.0,8.0,2,2,0,2,"6-4, 6-0 | 6-7, 4-6"
girls,Avery Buck,Harriman Lyceum,Group 2,52.0,Sumaya Chakroun,Crown Paper,Group 2,60.0,8.0,2,2,0,2,"2-6, 6-3, 4-6 | 6-2, 6-3"
boys,Gabriel Smith,Norwood Park,Group 2,58.0,Matthew Vargo,Copper Belt,Group 2,66.0,8.0,2,2,0,2,"4-6, 6-7 | 6-4, 3-6, 6-1"
girls,Zoey Long,Chesapeake,8A,37.0,Sophia Lee,Roosevelt,8A,45.0,8.0,2,2,0,2,"6-3, 6-0 | 6-2, 2-6, 1-6"
girls,Holly Garza,Redwood Glen,1A,58.0,Naomi Wheeler,New Penzance Island,1A,66.0,8.0,2,2,0,2,"4-6, 5-7 | 4-6, 7-5, 6-4"
girls,Anna Fonseca,Kochiyama,4A,54.0,Brianna Bell,Marlow,4A,62.0,8.0,2,2,0,2,"7-5, 5-7, 2-6 | 6-4, 7-5"
girls,Sofia Grubbs,E. Baker,Group 2,82.0,Madison McHenry,Dawkins,Group 2,90.0,8.0,2,2,0,2,"6-1, 6-4 | 4-6, 2-6"
boys,Giovanni Hood,Lost River,7A,44.0,Jayden Wilkins,Klamath,7A,52.0,8.0,2,2,0,2,"3-6, 4-6 | 4-6, 6-4, 7-5"
girls,Kara Brooks,Etchartville,Group 1,72.0,Madison Horn,Rostova Tech,Group 1,80.0,8.0,2,2,0,2,"6-3, 6-3 | 6-0, 3-6, 6-7"
boys,Grant McGrath,Bannock,9A,65.0,Jackson Patrick,Amelia,9A,72.0,7.0,3,2,1,2,"3-6, 6-1, 6-7 | 6-7, 3-6 | 4-6, 6-3, 6-3"
girls,Kennedi Grace,Coast Prairie,1A,51.0,Marie Bonta,Carolina Island,1A,58.0,7.0,2,2,0,2,"4-6, 7-6, 4-6 | 6-1, 7-6"
girls,Andrea Erwin,St. Ignatius,6A,57.0,Susanna Rainey,Carden Pass,6A,64.0,7.0,2,2,0,2,"6-1, 6-7, 6-7 | 3-6, 6-7"
girls,Zaria Ledford,Naylor City,2A,52.0,Miranda Medlin,B.T. Washington,2A,59.0,7.0,2,2,0,2,"2-6, 6-3, 6-4 | 3-6, 6-3, 6-7"
girls,Ellie Medina,Websterfield,5A,71.0,Ava Hanes,Elk River,5A,78.0,7.0,2,2,0,2,"6-7, 7-5, 5-7 | 1-6, 6-3, 7-6"
boys,Jayden Bell,Canyonlands,7A,47.0,Cain Wagler,Observatory,7A,54.0,7.0,2,2,0,2,"5-7, 7-6, 6-0 | 5-7, 3-6"
girls,Colbi Paaske,Narragansett,7A,58.0,Emily Morgan,Fillmore,7A,65.0,7.0,2,2,0,2,"6-2, 7-5 | 6-3, 6-7, 4-6"
girls,Aubrey De Leon,Drayfield,Group 2,66.0,Elizabeth Chester,Copper Belt,Group 2,73.0,7.0,2,2,0,2,"4-6, 6-4, 4-6 | 3-6, 6-3, 6-4"
boys,Kelly Huber,Nurmes,Group 3,69.0,Aiden Hall,Ashbrook,Group 3,76.0,7.0,2,2,0,2,"1-6, 6-2, 4-6 | 6-2, 6-3"
girls,Abigail Huber,Boyerstown,5A,53.0,Giselle Nunley,Barley Point,5A,60.0,7.0,2,2,0,2,"5-7, 5-7 | 6-3, 6-1"
girls,Riley Dempsey,Larchmont Ridge,8A,46.0,Taylor Osorio,Memorial,8A,53.0,7.0,2,2,0,2,"3-6, 6-3, 6-1 | 2-6, 6-7"
boys,Freddy Kincaid,Utah,Group 1,61.0,Rafael Tannous,West Oberlin,Group 1,68.0,7.0,2,2,0,2,"6-4, 7-6 | 5-7, 2-6"
boys,Jordan Mills,Carlin,Group 2,64.0,Benjamin Benjamin,Oak Forest,Group 2,71.0,7.0,2,2,0,2,"3-6, 6-1, 3-6 | 6-4, 6-7, 7-5"
girls,Kenzie Hausmann,Forge Hollow,3A,57.0,Adaline Seo,Bancroft,3A,64.0,7.0,2,2,0,2,"6-1, 4-6, 4-6 | 6-4, 4-6, 6-4"
boys,Zachariah Castillo,Kongisburg,8A,59.0,Hannes Cronk,Caldera,8A,66.0,7.0,2,2,0,2,"4-6, 2-6 | 6-7, 4-6"
boys,Ricardo White,Prune Springs,4A,47.0,Jakarrion Wendell,Las Colinas,4A,54.0,7.0,2,2,0,2,"4-6, 6-2, 4-6 | 7-5, 6-4"
girls,Tegan Hardee,Etchart,Group 3,47.0,Elizabeth Marshall,West Burlington,Group 3,54.0,7.0,2,2,0,2,"6-2, 6-7, 6-3 | 2-6, 5-7"
girls,Angela Barnett,Glenwood,1A,55.0,Jocelyn Quade,Lyle,1A,62.0,7.0,2,2,0,2,"6-4, 2-6, 6-7 | 6-3, 6-3"
girls,Hannah Dubuque,Sharpstown,4A,59.0,Maeve Lay,Calasanz Prep,4A,66.0,7.0,2,2,0,2,"3-6, 6-3, 6-4 | 2-6, 0-6"
boys,Ibrahim Baker,Housatonic,9A,48.0,Mitsuteru Murakami,Mission Bay,9A,55.0,7.0,2,2,0,2,"7-5, 1-6, 6-3 | 6-1, 4-6, 4-6"
boys,Tohi Ngatai,Trailsend,3A,56.0,Tristan Gonzalez,Hartford City,3A,63.0,7.0,2,2,0,2,"6-7, 6-2, 3-6 | 7-6, 6-4"
boys,Greyson Carlson,Rustin,9A,50.0,Caden Ray,Arrieta,9A,57.0,7.0,2,2,0,2,"2-6, 6-4, 3-6 | 7-6, 6-3"
boys,Johnathan Quarles,Boyerstown,5A,40.0,Jameson Jenkins,Barley Point,5A,47.0,7.0,2,2,0,2,"4-6, 6-3, 6-2 | 5-7, 3-6"
boys,Joseph Marshall,Cape Jean,7A,56.0,Brendan Guerrero,Deaconsburg,7A,63.0,7.0,2,2,0,2,"6-4, 3-6, 4-6 | 3-6, 6-3, 6-1"
boys,Alexander Prado,Cabo Esperanza Tech,3A,48.0,Tyler Quezada,River North,3A,55.0,7.0,2,2,0,2,"6-2, 6-7, 3-6 | 7-5, 6-4"
girls,Abigail Caban,Cradle,2A,56.0,Scarlett Gonzalez,Bethel Christian,2A,63.0,7.0,2,2,0,2,"6-3, 6-3 | 6-3, 2-6, 2-6"
boys,Clifton Hextall,Delbarton,7A,48.0,Kyle Henderson,Wheeler Academy,7A,55.0,7.0,2,2,0,2,"5-7, 7-6, 7-6 | 4-6, 6-3, 4-6"
boys,Jeramiah Sarmiento,Odellville,1A,54.0,Greyson Cummings,Orchardgate,1A,61.0,7.0,2,2,0,2,"3-6, 6-4, 2-6 | 3-6, 6-3, 7-6"
boys,Alexander Christiansen,Loomis City,5A,52.0,Evan Harris,East Range Agricultural,5A,59.0,7.0,2,2,0,2,"6-3, 4-6, 6-2 | 6-4, 6-7, 2-6"
girls,Jamie Muto,Tindall,5A,62.0,Gemma Elliott,Barley Point,5A,69.0,7.0,2,2,0,2,"7-5, 4-6, 6-3 | 7-5, 3-6, 4-6"
girls,Aria Wang,Puerto de los Reyes,8A,52.0,Peyton Wynne,Quarry Workers,8A,59.0,7.0,2,2,0,2,"6-4, 6-7, 2-6 | 7-5, 6-1"
girls,Jacqueline Beard,Norwood Park,Group 2,72.0,Emery Schaefer,Cedar,Group 2,79.0,7.0,2,2,0,2,"6-4, 4-6, 6-4 | 7-6, 4-6, 4-6"
boys,Johnathan Vaillancourt,Yandell,Group 3,58.0,Mason Yamaguchi,Lieksa,Group 3,65.0,7.0,2,2,0,2,"6-7, 2-6 | 7-6, 6-1"
boys,Omillio Friedler,Mount Dylan Lake,1A,51.0,Sawyer Perez,Christ the King,1A,58.0,7.0,2,2,0,2,"3-6, 4-6 | 6-2, 7-5"
girls,Dayana Maldonado,Esperanza,9A,40.0,Paislee Pounds,Carter,9A,47.0,7.0,2,2,0,2,"6-4, 3-6, 6-7 | 6-4, 6-7, 6-2"
boys,Joseph Dailey,North Wind,3A,60.0,Chance Lowe,Sinkford,3A,67.0,7.0,2,2,0,2,"6-7, 4-6 | 1-6, 6-3, 7-6"
boys,Tom Evans,Vista Terrace,9A,58.0,Hank Wilfley,Mesa Verde,9A,65.0,7.0,2,2,0,2,"6-2, 7-5 | 2-6, 2-6"
boys,Lipe Fusano,Shiloh,3A,54.0,Zacarias Bermudez,Fort Bardsley,3A,61.0,7.0,2,2,0,2,"1-6, 4-6 | 7-5, 6-4"
girls,Lakia Bielik,Brookside,6A,38.0,Amelia Gary,Navrang,6A,45.0,7.0,2,2,0,2,"2-6, 6-3, 7-6 | 4-6, 0-6"
girls,Lillian Kim,Guthrie,Group 3,70.0,Arya Gottschalk,Kearney,Group 3,77.0,7.0,2,2,0,2,"2-6, 7-5, 6-7 | 6-2, 6-4"
boys,Anakin Davis,Minnesota City,8A,69.0,Ian Watts,East Moscow,8A,76.0,7.0,2,2,0,2,"6-3, 5-7, 2-6 | 3-6, 6-3, 7-5"
boys,Jarrett Ocampo,Ontario,5A,60.0,John Looper,Hermiston,5A,67.0,7.0,2,2,0,2,"3-6, 2-6 | 6-2, 6-3"
girls,Willow Black,Yarburg,2A,45.0,Cheyenne Glover,Vale,2A,52.0,7.0,2,2,0,2,"7-6, 2-6, 6-3 | 2-6, 3-6"
boys,Steven Palmer,Silver Glen,3A,52.0,Filiberto Nogueira,Star Hollow,3A,59.0,7.0,2,2,0,2,"7-6, 6-0 | 3-6, 6-1, 5-7"
boys,Alexander Brooks,Grace Christian,1A,45.0,Andrew Rambo,Camden Flat,1A,52.0,7.0,2,2,0,2,"2-6, 5-7 | 6-4, 0-6, 7-6"
boys,Luke Hickey,Featherstone Tech,1A,51.0,Kody Sheetz,Tailingford Union,1A,58.0,7.0,2,2,0,2,"6-7, 4-6 | 6-4, 6-4"
girls,Violet Davis,Gruesome Ridge,2A,51.0,Jayla Campbell,Granite Basin,2A,58.0,7.0,2,2,0,2,"3-6, 6-7 | 7-6, 6-4"
girls,Destiny Archer,Weissburg,4A,54.0,Iris Deutsch,Wyalusing,4A,61.0,7.0,2,2,0,2,"6-3, 6-7, 4-6 | 6-4, 4-6, 6-4"
boys,Yousef Moss,Allegheny,Group 2,55.0,Eslam Afifi,Kuopio,Group 2,62.0,7.0,2,2,0,2,"6-7, 6-3, 2-6 | 6-4, 6-1"
girls,Alexis Jones,Trailsend,3A,57.0,Carolina Waters,Hartford City,3A,64.0,7.0,2,2,0,2,"6-2, 6-4 | 2-6, 6-2, 6-7"
girls,Yazmeen Niu,Los Robles,7A,53.0,Tadala Mvula,Pinebluffs,7A,60.0,7.0,2,2,0,2,"7-6, 6-3 | 3-6, 5-7"
boys,Wyatt Schaefer,Cap Rouge,6A,38.0,Mikhail Zaytseva,Maritime,6A,45.0,7.0,2,2,0,2,"6-2, 6-3 | 3-6, 6-3, 5-7"
girls,Patty Fukui,Nurmes,Group 3,81.0,Nevaeh Koch,Galactica Plains,Group 3,88.0,7.0,2,2,0,2,"1-6, 6-3, 6-3 | 3-6, 6-1, 5-7"
boys,Sukarno Pendatun,Casco,5A,75.0,Jacob Sheikh,Miles Davis,5A,81.0,6.0,2,2,0,2,"6-2, 6-2 | 6-4, 4-6, 4-6"
boys,Joel Barba,Coldwater,Group 2,58.0,Zander Peace,Pierre,Group 2,64.0,6.0,2,2,0,2,"6-3, 6-1 | 7-6, 3-6, 4-6"
girls,Cassie Fendick,Norbrook,3A,44.0,Emma Lemoine,Summervale,3A,50.0,6.0,2,2,0,2,"6-4, 6-4 | 6-4, 6-7, 3-6"
girls,Ruby O'Donnell,Lake Esperanza,6A,56.0,Isabella Pryor,Moreno,6A,62.0,6.0,2,2,0,2,"7-6, 6-2 | 6-7, 6-3, 6-7"
girls,Mei Lv,Malpais,9A,50.0,Molly Forrest,Keeler,9A,56.0,6.0,2,2,0,2,"6-4, 6-4 | 6-2, 1-6, 6-7"
girls,Jane Bonneau,Laurel Park,9A,65.0,Gabriella Johnson,Vista Terrace,9A,71.0,6.0,2,2,0,2,"7-5, 4-6, 6-4 | 6-2, 2-6, 4-6"
girls,Marjory Tuttle,Western Sky,Group 1,76.0,Harper O'Neal,Jackson Hole,Group 1,82.0,6.0,2,2,0,2,"6-7, 2-6 | 7-6, 6-3"
boys,Suresh Airee,Saltmarsh,3A,49.0,Tyler Quezada,River North,3A,55.0,6.0,2,2,0,2,"1-6, 6-4, 6-3 | 5-7, 3-6"
girls,Natalie Bailey,New Penzance Island,1A,76.0,Alice Sultan,Manzanita Junction,1A,82.0,6.0,2,2,0,2,"6-3, 6-7, 6-7 | 6-4, 6-4"
boys,Elijah Villalobos,Mt Jacqueline,1A,62.0,Gabriel Cline,Trout Lake,1A,68.0,6.0,2,2,0,2,"7-5, 7-6 | 6-0, 6-7, 4-6"
boys,Jensen Dunn,Calasanz Prep,4A,53.0,Samuel Nguyen,Ravenwood,4A,59.0,6.0,2,2,0,2,"6-3, 4-6, 0-6 | 6-3, 4-6, 6-1"
boys,Zachary Phillips,Halfway House,2A,49.0,Levi Rodriguez,Newark River,2A,55.0,6.0,2,2,0,2,"6-4, 1-6, 7-6 | 1-6, 6-3, 4-6"
boys,Garrett Uchida,Star Valley Catholic,Group 2,62.0,Jose Hilliard,Hampton,Group 2,68.0,6.0,2,2,0,2,"6-4, 2-6, 2-6 | 4-6, 6-4, 6-4"
girls,Mimi Clothier,Granite Basin,2A,67.0,Lilian Vahaly,Port Meridian North,2A,73.0,6.0,2,2,0,2,"6-2, 7-6 | 4-6, 1-6"
boys,David Rive,Cradle,2A,70.0,Frank Futch,Governor Woods,2A,76.0,6.0,2,2,0,2,"6-4, 3-6, 7-5 | 6-7, 6-1, 3-6"
girls,Evelyn Courtney,Anchor,3A,59.0,Addison Beard,Mill Bar,3A,65.0,6.0,2,2,0,2,"1-6, 6-7 | 7-6, 6-3"
boys,Zenzo Aoyama,Garden Plain,Group 1,48.0,Reese Vazquez,Gravel Narrows,Group 1,54.0,6.0,2,2,0,2,"2-6, 6-4, 7-6 | 4-6, 3-6"
boys,Henry Smith,Jemison,Group 1,44.0,Marvin Caruana,Redwood,Group 1,50.0,6.0,2,2,0,2,"6-4, 3-6, 7-6 | 5-7, 3-6"
girls,Willow Womble,Dogpatch,8A,72.0,Brenna Naughton,Breakwater,8A,78.0,6.0,2,2,0,2,"4-6, 6-4, 1-6 | 6-4, 6-3"
girls,Samara Paz,Dusty Spur,6A,53.0,Victoria Fox,Springfield,6A,59.0,6.0,2,2,0,2,"2-6, 6-2, 7-6 | 4-6, 6-7"
girls,Ana Félix,Cedar Point,5A,45.0,Elise Rogers,Benchton,5A,51.0,6.0,2,2,0,2,"4-6, 7-6, 6-2 | 6-3, 4-6, 1-6"
girls,Kyra Weaver,Websterfield,5A,56.0,Quinn Munoz,The Dalles,5A,62.0,6.0,2,2,0,2,"6-3, 2-6, 7-5 | 3-6, 6-4, 6-7"
boys,Jonathan Anderson,Noe Valley,Group 1,69.0,Russell Peach,Vermillion,Group 1,75.0,6.0,2,2,0,2,"6-3, 6-7, 6-4 | 6-1, 6-7, 2-6"
boys,Lincoln Christensen,Asteroid City,8A,79.0,Titus Brockermeyer,Marshfield Prep,8A,85.0,6.0,2,2,0,2,"3-6, 7-5, 6-3 | 6-4, 6-4"
boys,Pancho Kriech,Sacred Heart,7A,67.0,Jax Allan,Veles Harbor,7A,73.0,6.0,2,2,0,2,"4-6, 7-6, 6-3 | 3-6, 2-6"
girls,Hazel Brooks,Sawtelle,Group 1,66.0,Ana Johnson,Kokomo,Group 1,72.0,6.0,2,2,0,2,"6-4, 3-6, 1-6 | 3-6, 6-4, 1-6"
girls,Collins Pena,Río Salado,1A,62.0,Jennifer Valdez,Linden,1A,68.0,6.0,2,2,0,2,"3-6, 6-4, 6-1 | 6-7, 2-6"
girls,Bailey Abarca,Cincinnati,Group 1,58.0,Hadley Lewis,Utah,Group 1,64.0,6.0,2,2,0,2,"7-6, 0-6, 7-6 | 3-6, 6-7"
boys,Mondy Clement,Purcell,9A,49.0,Carter Haley,Tamarack Harbor,9A,55.0,6.0,2,2,0,2,"6-7, 6-1, 6-4 | 2-6, 6-4, 1-6"
boys,Braxton Warfel,Santa Michaela,9A,60.0,George Smith,Benton Park,9A,66.0,6.0,2,2,0,2,"3-6, 5-7 | 6-4, 3-6, 6-3"
girls,Eliana Mitchell,Calasanz Prep,4A,45.0,Kimberly Jackson,Ravenwood,4A,51.0,6.0,2,2,0,2,"7-5, 6-7, 2-6 | 4-6, 7-6, 6-3"
girls,Quinn Sutton,Esperanza,9A,43.0,Bella Green,Carter,9A,49.0,6.0,2,2,0,2,"6-4, 4-6, 1-6 | 6-4, 6-4"
girls,Maura Mortimer,Kuusamo,Group 3,63.0,Naomi Sayles,Rilland,Group 3,69.0,6.0,2,2,0,2,"7-5, 6-3 | 1-6, 2-6"
girls,Lillian Smith,Montpelier,5A,52.0,Sandra Miller,Tindall,5A,58.0,6.0,2,2,0,2,"6-2, 6-3 | 1-6, 6-0, 4-6"
boys,Zachary Whitney,Petoskey Rock,7A,56.0,Dante Irvine,Indigo Rim,7A,62.0,6.0,2,2,0,2,"7-6, 2-6, 6-1 | 3-6, 5-7"
boys,Lucas Perez,Kelford,5A,48.0,Karen Schukin,Kingwood,5A,54.0,6.0,2,2,0,2,"6-7, 7-6, 4-6 | 6-2, 5-7, 6-4"
girls,Ileana Moldovan,Aldecoa,Group 1,52.0,Briana Digiorgio,Coyote Springs,Group 1,58.0,6.0,2,2,0,2,"4-6, 6-4, 5-7 | 7-5, 6-2"
girls,Katherine Israel,Yarburg,2A,44.0,Delaney Partington,Mineral Springs,2A,50.0,6.0,2,2,0,2,"6-4, 3-6, 3-6 | 6-3, 6-0"
girls,Kinsley Yow,Trinity Catholic,9A,61.0,Avery Suniga,Forest Park,9A,67.0,6.0,2,2,0,2,"6-4, 6-7, 6-0 | 6-4, 1-6, 4-6"
girls,Tegan Martinez,Bahía Leal,7A,47.0,Djariatou Anne,Tensas,7A,53.0,6.0,2,2,0,2,"1-6, 6-4, 4-6 | 6-7, 6-4, 7-5"
boys,Talon Tilton,Brynildson Hill,Group 3,53.0,Alexander Paxton,Sage Village,Group 3,59.0,6.0,2,2,0,2,"4-6, 6-4, 1-6 | 3-6, 6-3, 7-6"
boys,Liam Shaffer,Ravenwood,4A,43.0,Jackson Perry,Calasanz Prep,4A,49.0,6.0,2,2,0,2,"3-6, 6-3, 6-4 | 6-2, 3-6, 1-6"
girls,Audrey Hawkins,Heron Slough,6A,50.0,Eva Persons,Verrettes,6A,56.0,6.0,2,2,0,2,"1-6, 6-4, 7-5 | 6-7, 4-6"
boys,Kymani Jones,Verde Highlands,5A,79.0,Jacob Munoz,Hazel Country Day,5A,85.0,6.0,2,2,0,2,"1-6, 6-7 | 6-4, 6-7, 7-6"
boys,Aidan Simons,Carmina,Group 2,64.0,Leo Cooper,Lizarra,Group 2,70.0,6.0,2,2,0,2,"6-1, 7-6 | 4-6, 0-6"
boys,Reginald Brame,Robeson,Group 1,67.0,Jayson Horton,Chillicothe,Group 1,73.0,6.0,2,2,0,2,"3-6, 7-6, 6-3 | 6-4, 4-6, 6-7"
boys,Soane Borowiak,Dry Fork,8A,64.0,Sonny Haven,Orellana Central,8A,70.0,6.0,2,2,0,2,"1-6, 6-2, 2-6 | 0-6, 6-1, 7-6"
boys,Ryker Ross,Fellows Mill,4A,76.0,Xavier Tian,Averill,4A,82.0,6.0,2,2,0,2,"7-5, 6-2 | 4-6, 2-6"
girls,Jaida Ogumoro,Flume,1A,51.0,Natalie Delfin,Alfalfa City,1A,57.0,6.0,2,2,0,2,"6-4, 6-2 | 2-6, 5-7"
boys,Dante Parsons,Lyle,1A,72.0,Nathan Hummel,Klickitat,1A,78.0,6.0,2,2,0,2,"6-2, 6-4 | 5-7, 7-6, 3-6"
boys,Dylan Rodriguez,Bridgewater,6A,72.0,Rich Foiles,Golden State,6A,78.0,6.0,2,2,0,2,"7-5, 4-6, 7-5 | 1-6, 6-7"
girls,Rose Martin,Grace Christian,1A,68.0,Violet Stouffer,Camden Flat,1A,74.0,6.0,2,2,0,2,"6-4, 6-2 | 6-2, 5-7, 5-7"
boys,Marcos Friedman,Crown Paper,Group 2,49.0,Carter Romero,San Vito Regional,Group 2,55.0,6.0,2,2,0,2,"5-7, 6-2, 2-6 | 7-5, 2-6, 7-6"
boys,Sage Voight,Linden,1A,77.0,Jack To,Quaking Aspen,1A,83.0,6.0,2,2,0,2,"6-3, 7-6 | 7-6, 5-7, 4-6"
boys,Daniel Wallis,Minnesota City,8A,70.0,Ethan London,East Moscow,8A,76.0,6.0,2,2,0,2,"2-6, 4-6 | 6-3, 6-1"
girls,Kaylee Brady,Mount Dylan Lake,1A,67.0,Eden Peralta,San Aurelio,1A,72.0,5.0,2,2,0,2,"6-3, 2-6, 7-5 | 3-6, 4-6"
boys,Devon Harden,Pomar,3A,46.0,Andrea Curne,Palisade Prep,3A,51.0,5.0,2,2,0,2,"6-7, 7-5, 5-7 | 6-2, 6-4"
girls,Cheyna Bierman,Cordero Junction,6A,63.0,Kiara Hunter,Bridgewater,6A,68.0,5.0,2,2,0,2,"6-1, 4-6, 4-6 | 6-2, 4-6, 7-6"
girls,Kiara Hunter,Bridgewater,6A,68.0,Sophia Holloway,Antelope Butte,6A,73.0,5.0,2,2,0,2,"6-2, 6-4 | 7-5, 2-6, 2-6"
girls,Alexa Olden,Salmon Bay,1A,51.0,Delilah Olds,Alfalfa City,1A,56.0,5.0,2,2,0,2,"4-6, 6-4, 2-6 | 6-2, 6-4"
girls,Janiya Romanelli,Indigo Rim,7A,69.0,Sophia Hart,Petoskey Rock,7A,74.0,5.0,2,2,0,2,"6-1, 7-5 | 2-6, 6-3, 5-7"
boys,Marko Kroos,Prune Springs,4A,60.0,Amir Walker,Truman,4A,65.0,5.0,2,2,0,2,"6-2, 7-6 | 3-6, 6-4, 1-6"
girls,Aryana Patterson,Sawtelle,Group 1,64.0,Miah McKenzie,Deadwood,Group 1,69.0,5.0,2,2,0,2,"6-4, 6-7, 6-4 | 7-5, 5-7, 4-6"
girls,Lillian York,Rustin,9A,71.0,Azul Vargas,Basin Gate,9A,76.0,5.0,2,2,0,2,"5-7, 4-6 | 2-6, 6-2, 6-4"
girls,Camila Mayfield,Blue Valley,Group 3,49.0,Natalie Whitley,Silver Lake,Group 3,54.0,5.0,2,2,0,2,"2-6, 4-6 | 2-6, 7-6, 6-1"
boys,Damian Wroblewski,Allegheny,Group 2,59.0,Mayson Cortez,Kuopio,Group 2,64.0,5.0,2,2,0,2,"7-6, 5-7, 6-7 | 1-6, 6-1, 6-2"
girls,Aubrey Biondo,Elgin,2A,41.0,Acacia Autry,McLoughlin,2A,46.0,5.0,2,2,0,2,"6-1, 6-3 | 6-2, 6-7, 4-6"
boys,Matthew Callison,Mar Vista,9A,70.0,Ludwig Brolin,Tamarack,9A,75.0,5.0,2,2,0,2,"6-4, 2-6, 5-7 | 6-2, 3-6, 6-1"
girls,Laila Vanwagner,Ditch Fork,8A,62.0,Vienna Kunieda,Olive Head,8A,67.0,5.0,2,2,0,2,"1-6, 5-7 | 6-2, 6-2"
boys,Grayson Johnson,Crane,3A,68.0,Russell Bowens,Leidesdorff,3A,73.0,5.0,2,2,0,2,"1-6, 6-3, 3-6 | 3-6, 6-3, 6-0"
boys,Cain Wagler,Observatory,7A,54.0,Wenbin Ding,Delbarton,7A,59.0,5.0,2,2,0,2,"6-2, 4-6, 6-7 | 6-4, 0-6, 7-5"
girls,Aaliyah Wallace,Charleston-on-the-Coast,3A,47.0,Skye Cressy,Timber Crest,3A,52.0,5.0,2,2,0,2,"6-2, 6-4 | 1-6, 1-6"
girls,Olivia Reed,Bell,8A,56.0,Paulina Grau,Washington,8A,61.0,5.0,2,2,0,2,"3-6, 4-6 | 5-7, 7-6, 6-4"
boys,Soane Borowiak,Dry Fork,8A,64.0,Diego Sawyers,Dogpatch,8A,69.0,5.0,2,2,0,2,"7-5, 7-5 | 2-6, 7-6, 3-6"
girls,Stella Lang,Starlake,Group 3,48.0,Nayeli Oneil,North Starlake,Group 3,53.0,5.0,2,2,0,2,"1-6, 6-4, 4-6 | 1-6, 6-1, 6-2"
girls,Mae Sauerbrunn,Deadwood,Group 1,62.0,Rylee Booth,Pope Leo XIV,Group 1,67.0,5.0,2,2,0,2,"6-2, 4-6, 6-4 | 2-6, 6-2, 3-6"
boys,Yahir Kramer,Yarburg,2A,55.0,Shane Brown,Elk Run,2A,60.0,5.0,2,2,0,2,"6-2, 7-6 | 6-7, 5-7"
girls,Farrah Carroll,B. Harrison,7A,63.0,Lilian Augustus,Sacred Heart,7A,68.0,5.0,2,2,0,2,"3-6, 6-2, 6-4 | 3-6, 1-6"
girls,Arya Martinez,Iron Gate,6A,55.0,Amelia Olson,Liberty Hill,6A,60.0,5.0,2,2,0,2,"1-6, 6-7 | 6-4, 7-6"
girls,Cora Nunez,Kilbride Hall,1A,74.0,Charlotte Corbin,Portola-Caverly,1A,79.0,5.0,2,2,0,2,"2-6, 4-6 | 6-4, 6-4"
boys,Knahlij Miramontez,Beulah Landing,1A,62.0,Lazaro Raya,San Aurelio,1A,67.0,5.0,2,2,0,2,"7-5, 2-6, 6-7 | 7-6, 7-5"
boys,Robert Burnside,South Rim,2A,58.0,Nolan Larsen,Mineral Springs,2A,63.0,5.0,2,2,0,2,"6-4, 2-6, 6-2 | 4-6, 7-6, 5-7"
girls,Ella Zajac,Clear Lake,Group 2,45.0,Mele Leota,Trailhead,Group 2,50.0,5.0,2,2,0,2,"2-6, 6-4, 6-1 | 6-3, 0-6, 5-7"
girls,Abigail Walker,New Hope Christian,1A,54.0,Zoey Harder,Linden,1A,59.0,5.0,2,2,0,2,"6-1, 7-6 | 1-6, 4-6"
girls,Madison Naber,Empire,Group 2,63.0,Brianna Gould,Oak Forest,Group 2,68.0,5.0,2,2,0,2,"4-6, 6-2, 3-6 | 6-7, 7-6, 6-4"
boys,Eugene Gonzales,Pacersburg,4A,77.0,Vasil Gelsey,Three Saints,4A,82.0,5.0,2,2,0,2,"3-6, 6-3, 3-6 | 3-6, 7-6, 7-6"
boys,Maxim Matta,Quincy,Group 3,53.0,Daragh Brown,Nicodemus,Group 3,58.0,5.0,2,2,0,2,"6-7, 6-3, 6-4 | 3-6, 4-6"
boys,Jai-Ayviauynn Abdul-Wahab,Bellamy,7A,41.0,George Ammons,Observatory,7A,46.0,5.0,2,2,0,2,"6-2, 6-4 | 3-6, 2-6"
boys,Spencer Potter,Canyon,4A,65.0,Siyanda Ngcobo,Taft,4A,70.0,5.0,2,2,0,2,"7-5, 4-6, 6-4 | 6-2, 3-6, 5-7"
girls,Eliza Handy,The Dalles,5A,70.0,Harper Rivers,Sandhill Marsh,5A,75.0,5.0,2,2,0,2,"3-6, 6-4, 3-6 | 6-4, 6-1"
boys,Max Cleary,Gold Hollow,2A,59.0,Darien Rinker,North Antler Regional,2A,64.0,5.0,2,2,0,2,"7-5, 6-7, 2-6 | 6-7, 6-0, 6-4"
girls,Hannah Stratton,North Simmons,Group 3,44.0,Emma Carter,Dovetail,Group 3,49.0,5.0,2,2,0,2,"7-5, 4-6, 6-4 | 4-6, 6-7"
boys,Frankie Coronado,Vale,2A,68.0,Wyatt Dykstra,Union,2A,73.0,5.0,2,2,0,2,"1-6, 3-6 | 6-2, 5-7, 6-3"
boys,Finn Brockway,Tidegate,8A,91.0,Jaden Hartzler,Pacific Gate,8A,96.0,5.0,2,2,0,2,"7-6, 7-5 | 6-4, 4-6, 4-6"
girls,Makenna Keeley,Hermiston,5A,67.0,Sofia Miller,Juniper Ridge,5A,72.0,5.0,2,2,0,2,"7-6, 4-6, 3-6 | 4-6, 6-2, 6-4"
girls,Abigail Huber,Boyerstown,5A,53.0,Sandra Miller,Tindall,5A,58.0,5.0,2,2,0,2,"7-5, 7-5 | 5-7, 6-3, 4-6"
boys,Everett Chandler,Ironworks,6A,52.0,Pierce Simms,Evenfall,6A,57.0,5.0,2,2,0,2,"3-6, 3-6 | 3-6, 7-6, 7-5"
girls,Marilyn Linder,Pinebluffs,7A,54.0,Apio Musoni,Copper Lake,7A,59.0,5.0,2,2,0,2,"7-5, 6-1 | 3-6, 5-7"
girls,Patricia Sandoval,Llerena,6A,48.0,Samara Paz,Dusty Spur,6A,53.0,5.0,2,2,0,2,"6-4, 6-4 | 5-7, 7-6, 3-6"
girls,Karen Flores,Union Prairie,Group 3,42.0,Rosa Shukla,Silver Lake,Group 3,47.0,5.0,2,2,0,2,"6-4, 3-6, 6-1 | 7-6, 3-6, 3-6"
boys,Victor Anderson,Redwood,Group 1,53.0,Aldo Villalobos,Red Bluff,Group 1,58.0,5.0,2,2,0,2,"6-1, 7-5 | 6-7, 6-2, 2-6"
girls,Melissa Milburn,Bannock,9A,61.0,Alexandra Sheldon,Arrieta,9A,66.0,5.0,2,2,0,2,"7-6, 7-5 | 6-7, 3-6"
girls,Emma Merkle,Amelia,9A,53.0,Diana Martinez,Basin Gate,9A,58.0,5.0,2,2,0,2,"7-5, 6-7, 5-7 | 4-6, 6-4, 6-4"
boys,Lewis Hallum,Toussaint,Group 2,78.0,Hudson Salters,Chickasaw,Group 2,83.0,5.0,2,2,0,2,"4-6, 1-6 | 6-7, 7-6, 6-2"
boys,Nicolas Ortigoza,Navrang,6A,43.0,Jamison Botelho,Hurston,6A,48.0,5.0,2,2,0,2,"6-1, 6-0 | 3-6, 6-0, 3-6"
boys,Noah Welch,Condotti Vanguard Academy,7A,73.0,Josue Morton,Orchard Union,7A,78.0,5.0,2,2,0,2,"6-2, 4-6, 5-7 | 7-6, 6-3"
girls,Mina Holtzman,Switchback,3A,56.0,Mila Butler,Silva,3A,61.0,5.0,2,2,0,2,"4-6, 6-7 | 6-4, 6-4"
boys,Roman Jamison,Willow Creek,5A,58.0,Michael Milam,Gershwin,5A,63.0,5.0,2,2,0,2,"6-3, 6-1 | 3-6, 5-7"
girls,Arianna Clark,Kuopio,Group 2,62.0,Connie Beckman,Cutbank,Group 2,67.0,5.0,2,2,0,2,"6-4, 4-6, 6-2 | 6-4, 3-6, 2-6"
girls,Madison Horn,Rostova Tech,Group 1,80.0,Christa McKay,Box Canyon,Group 1,85.0,5.0,2,2,0,2,"4-6, 5-7 | 6-3, 6-2"
girls,Athena Cardenas,Romare Bearden,Group 1,69.0,Riley Birdsong,Zubieta,Group 1,74.0,5.0,2,2,0,2,"1-6, 7-6, 6-4 | 3-6, 6-3, 0-6"
girls,Giselle Forsythe,Kennedy,Group 1,50.0,Mariah Wyant,Green Valley,Group 1,55.0,5.0,2,2,0,2,"3-6, 6-3, 6-1 | 4-6, 3-6"
boys,Dennis Kosakowski,Kochiyama,4A,51.0,Eric Pate,Bracken,4A,56.0,5.0,2,2,0,2,"3-6, 6-4, 5-7 | 6-1, 0-6, 6-4"
girls,Ella Beers,Rimrock,Group 3,67.0,Nataly Schafer,Doyleville Union,Group 3,72.0,5.0,2,2,0,2,"6-4, 6-2 | 3-6, 2-6"
boys,Eric Pate,Bracken,4A,56.0,Gabriel Diaz,Taft,4A,61.0,5.0,2,2,0,2,"2-6, 6-3, 5-7 | 6-4, 6-2"
boys,Evan Jordan,Northrup Tech,Group 3,55.0,Manuel Almonte,Starlake,Group 3,60.0,5.0,2,2,0,2,"6-3, 6-1 | 6-2, 3-6, 2-6"
boys,Tim Stoll,Featherstone Tech,1A,56.0,Samuel O'Bryant,Stillwater,1A,61.0,5.0,2,2,0,2,"6-4, 6-2 | 6-7, 5-7"
boys,Dustin Smith,Summervale,3A,58.0,Luke Eberly,Winter Valley,3A,63.0,5.0,2,2,0,2,"4-6, 6-1, 7-5 | 3-6, 3-6"
girls,Lillian Williamson,Bywater,7A,63.0,Samantha Byrd,Lone Pine,7A,68.0,5.0,2,2,0,2,"6-3, 7-6 | 7-5, 5-7, 3-6"
girls,Harper Stoll,Casco,5A,72.0,Maya Anwar,Cheney,5A,77.0,5.0,2,2,0,2,"6-3, 1-6, 6-2 | 6-4, 3-6, 1-6"
girls,Brooklyn Job,Lighthouse,7A,38.0,Raven Gresham,Los Robles,7A,43.0,5.0,2,2,0,2,"3-6, 4-6 | 6-2, 6-4"
boys,Randy Mcdonald,Coltrane,5A,68.0,Shane Fischer,Cheney,5A,73.0,5.0,2,2,0,2,"7-5, 4-6, 6-2 | 4-6, 5-7"
girls,Grace Sauceda,Serrano,5A,71.0,Emma Wilson,Fruitvale,5A,76.0,5.0,2,2,0,2,"3-6, 7-6, 3-6 | 6-3, 5-7, 6-2"
boys,Jared Cloninger,Forks Harbor,8A,57.0,Anish Subedi,Caldera,8A,62.0,5.0,2,2,0,2,"5-7, 4-6 | 7-6, 6-7, 7-6"
girls,Sakura Sato,Mt Jacqueline,1A,57.0,Kaylee Limon,Condon,1A,62.0,5.0,2,2,0,2,"6-4, 6-4 | 4-6, 5-7"
