program_id,gender,2083,2086,change,program_name,group
Abbey Vale Orchard Hill|boys,boys,41,38,3,B.T. Washington,2A
Abbey Vale Orchard Hill|girls,girls,28,54,-26,B.T. Washington,2A
Abraham Lincoln|boys,boys,28,32,-4,Lincoln,8A
Abraham Lincoln|girls,girls,26,59,-33,Lincoln,8A
Adela Robles North|boys,boys,5,20,-15,Cliffside,9A
Adela Robles North|girls,girls,8,17,-9,Cliffside,9A
Adela Robles|boys,boys,9,6,3,Biloxi Heights,4A
Adela Robles|girls,girls,5,2,3,Biloxi Heights,4A
Adela Villaseñor|boys,boys,29,28,1,Cape Jean,7A
Adela Villaseñor|girls,girls,29,34,-5,Cape Jean,7A
Adrian High|boys,boys,54,42,12,Adrian,1A
Adrian High|girls,girls,54,24,30,Adrian,1A
Agate|boys,boys,54,45,9,Agate,Group 3
Agate|girls,girls,37,66,-29,Agate,Group 3
Ainhoa Mendizabal|boys,boys,36,27,9,Charles Harbor,Group 1
Ainhoa Mendizabal|girls,girls,38,28,10,Charles Harbor,Group 1
Aitor Echevarria|boys,boys,38,15,23,Point Loma,Group 1
Aitor Echevarria|girls,girls,16,7,9,Point Loma,Group 1
Aitor Zubieta|boys,boys,68,51,17,Borough Beach,8A
Aitor Zubieta|girls,girls,56,69,-13,Borough Beach,8A
Alben Barkley|boys,boys,25,42,-17,Barkley,2A
Alben Barkley|girls,girls,41,35,6,Barkley,2A
Aldecoa Academy of Arts and Letters|boys,boys,67,47,20,Coyote Springs,Group 1
Aldecoa Academy of Arts and Letters|girls,girls,75,64,11,Coyote Springs,Group 1
Aldecoa Applied Sciences Institute|boys,boys,9,22,-13,Deadwood,Group 1
Aldecoa Applied Sciences Institute|girls,girls,7,22,-15,Deadwood,Group 1
Aldecoa Depot High|boys,boys,1,3,-2,Grant,Group 1
Aldecoa Depot High|girls,girls,9,6,3,Grant,Group 1
Aldecoa|boys,boys,16,65,-49,Aldecoa,Group 1
Aldecoa|girls,girls,13,54,-41,Aldecoa,Group 1
Alder Landing Beacon Hill|boys,boys,7,31,-24,Bay Oregon,3A
Alder Landing Beacon Hill|girls,girls,3,29,-26,Bay Oregon,3A
Alderfield|boys,boys,4,4,0,Linden,1A
Alderfield|girls,girls,8,16,-8,Linden,1A
Aldermont|boys,boys,8,22,-14,Cape Angeles,2A
Aldermont|girls,girls,13,8,5,Cape Angeles,2A
Alderton|boys,boys,74,59,15,Alderton,1A
Alderton|girls,girls,63,61,2,Alderton,1A
Alejandro Zamora|boys,boys,12,6,6,Morgan Park,9A
Alejandro Zamora|girls,girls,4,1,3,Morgan Park,9A
Alina Antonov|boys,boys,83,69,14,River Oaks,8A
Alina Antonov|girls,girls,84,81,3,River Oaks,8A
Alina Belov|boys,boys,49,40,9,Clear Lake,Group 2
Alina Belov|girls,girls,59,51,8,Clear Lake,Group 2
All Saints Episcopal|boys,boys,20,14,6,All Saints Episcopal,3A
All Saints Episcopal|girls,girls,23,15,8,All Saints Episcopal,3A
Altamonte Civic Leadership Academy|boys,boys,7,65,-58,Senator Gray,8A
Altamonte Civic Leadership Academy|girls,girls,6,56,-50,Senator Gray,8A
Altamonte|boys,boys,74,53,21,Altamonte,8A
Altamonte|girls,girls,35,58,-23,Altamonte,8A
Amaia Aramburu North|boys,boys,41,72,-31,Belmonte South,1A
Amaia Aramburu North|girls,girls,56,49,7,Belmonte South,1A
Amaia Aramburu|boys,boys,49,64,-15,K.B. Jackson,5A
Amaia Aramburu|girls,girls,53,58,-5,K.B. Jackson,5A
Amaia Echevarria|boys,boys,66,52,14,Redwood,Group 1
Amaia Echevarria|girls,girls,30,53,-23,Redwood,Group 1
Amaia Etxeberria|boys,boys,47,6,41,Boyle Heights,Group 1
Amaia Etxeberria|girls,girls,18,9,9,Boyle Heights,Group 1
Amalia Escobedo|boys,boys,39,31,8,Petoskey Rock,7A
Amalia Escobedo|girls,girls,16,20,-4,Petoskey Rock,7A
Amelia Freeman North|boys,boys,18,9,9,Casco,5A
Amelia Freeman North|girls,girls,5,16,-11,Casco,5A
Amelia Freeman|girls,girls,67,65,2,Nanticoke,5A
Amelia|boys,boys,54,57,-3,Amelia,9A
Amelia|girls,girls,68,55,13,Amelia,9A
Amos Cross|boys,boys,23,11,12,L.B. Johnson,9A
Amos Cross|girls,girls,25,13,12,L.B. Johnson,9A
Amos Moss|boys,boys,23,21,2,Robledo,7A
Amos Moss|girls,girls,20,25,-5,Robledo,7A
Ander Aramburu|boys,boys,70,72,-2,Western Sky,Group 1
Ander Aramburu|girls,girls,59,39,20,Western Sky,Group 1
Ander Arrieta|boys,boys,17,16,1,Bolinas,6A
Ander Arrieta|girls,girls,3,5,-2,Bolinas,6A
Andrew Jackson North|boys,boys,1,66,-65,Chaparral,8A
Andrew Jackson North|girls,girls,16,65,-49,Chaparral,8A
Andrés Ibarra|boys,boys,24,18,6,Monongahela,Group 1
Andrés Ibarra|girls,girls,17,2,15,Monongahela,Group 1
Andrés Valera North|boys,boys,42,21,21,Pawnee,6A
Andrés Valera North|girls,girls,58,26,32,Pawnee,6A
Andrés Valera|boys,boys,29,9,20,Basalt,4A
Andrés Valera|girls,girls,16,5,11,Basalt,4A
Anneliese Halvorsen|boys,boys,64,63,1,Washington,8A
Anneliese Halvorsen|girls,girls,32,54,-22,Washington,8A
Anneliese Ricci|boys,boys,38,30,8,Carondelet,9A
Anneliese Ricci|girls,girls,20,19,1,Carondelet,9A
Annie Springs Crater View|boys,boys,73,23,50,Crater View,8A
Annie Springs Crater View|girls,girls,60,4,56,Crater View,8A
Annie Springs|boys,boys,47,34,13,Annie Springs,2A
Annie Springs|girls,girls,35,24,11,Annie Springs,2A
Ansotegui Siding Commonwealth|girls,girls,51,37,14,Pinebluffs,7A
Antelope Butte|boys,boys,59,32,27,Antelope Butte,6A
Antelope Butte|girls,girls,42,35,7,Antelope Butte,6A
Anya Antonov|boys,boys,53,22,31,Mar Vista,9A
Anya Antonov|girls,girls,29,44,-15,Mar Vista,9A
Anya Belov|boys,boys,48,57,-9,Arroyo,4A
Anya Belov|girls,girls,28,53,-25,Arroyo,4A
Anya Orlov|boys,boys,82,53,29,Riviere Salee,1A
Anya Orlov|girls,girls,51,65,-14,Riviere Salee,1A
Archbishop Doyle Prep|boys,boys,62,46,16,Doyle,6A
Archbishop Doyle Prep|girls,girls,49,65,-16,Doyle,6A
Archbishop Quinlan|boys,boys,25,8,17,Quaking Aspen,1A
Archbishop Quinlan|girls,girls,25,10,15,Quaking Aspen,1A
Arlington High|boys,boys,35,74,-39,Arlington,1A
Arlington High|girls,girls,73,82,-9,Arlington,1A
Arrieta Treasure Valley|boys,boys,3,50,-47,Canyonlands,7A
Arrieta Treasure Valley|girls,girls,4,57,-53,Canyonlands,7A
Arrieta|boys,boys,42,70,-28,Arrieta,9A
Arrieta|girls,girls,60,60,0,Arrieta,9A
Ashbrook|boys,boys,10,6,4,Ashbrook,Group 3
Ashbrook|girls,girls,9,13,-4,Ashbrook,Group 3
Ashbury Central North|boys,boys,5,14,-9,Kishwaukee,Group 2
Ashbury Central North|girls,girls,5,5,0,Kishwaukee,Group 2
Ashbury Central|boys,boys,14,9,5,Tallulah Central,Group 1
Ashbury Central|girls,girls,3,4,-1,Tallulah Central,Group 1
Ashbury East|boys,boys,54,44,10,Alameda,7A
Ashbury East|girls,girls,38,49,-11,Alameda,7A
Ashbury Heights|boys,boys,32,26,6,Ashbury Central,9A
Ashbury Heights|girls,girls,73,32,41,Ashbury Central,9A
Ashbury West|boys,boys,40,63,-23,Laurel Park,9A
Ashbury West|girls,girls,30,61,-31,Laurel Park,9A
Ashfield|boys,boys,38,47,-9,California Beach,1A
Ashfield|girls,girls,17,26,-9,California Beach,1A
Ashwood|boys,boys,60,37,23,Gruesome Ridge,2A
Ashwood|girls,girls,39,47,-8,Gruesome Ridge,2A
Aspen Harbor|boys,boys,40,26,14,East Simmons,Group 3
Aspen Harbor|girls,girls,27,28,-1,East Simmons,Group 3
Assay|boys,boys,29,38,-9,Assay,Group 3
Assay|girls,girls,39,34,5,Assay,Group 3
Astrid Ricci|boys,boys,6,1,5,Jesuit,9A
Astrid Ricci|girls,girls,1,7,-6,Jesuit,9A
Atlanta|boys,boys,75,61,14,Atlanta,Group 1
Atlanta|girls,girls,58,66,-8,Atlanta,Group 1
Aurelia Classical Academy|boys,boys,7,13,-6,Goodman,Group 1
Aurelia Classical Academy|girls,girls,31,13,18,Goodman,Group 1
Aurelia|boys,boys,72,66,6,Aurelia,Group 1
Aurelia|girls,girls,73,72,1,Aurelia,Group 1
Averill|boys,boys,5,7,-2,Averill,4A
Averill|girls,girls,17,11,6,Averill,4A
Bahía Leal|boys,boys,28,49,-21,Bahía Leal,7A
Bahía Leal|girls,girls,11,55,-44,Bahía Leal,7A
Baker High|boys,boys,23,12,11,Baker,5A
Baker High|girls,girls,37,13,24,Baker,5A
Bancroft|boys,boys,62,64,-2,Bancroft,3A
Bancroft|girls,girls,47,66,-19,Bancroft,3A
Baptist HS|boys,boys,4,2,2,Baptist,7A
Baptist HS|girls,girls,2,2,0,Baptist,7A
Barclay Golden Gate|boys,boys,15,27,-12,Gate City,5A
Barclay Golden Gate|girls,girls,58,29,29,Gate City,5A
Barclay|boys,boys,5,3,2,Barclay,3A
Barclay|girls,girls,1,4,-3,Barclay,3A
Bardsley County High|boys,boys,15,49,-34,Violet City,3A
Bardsley County High|girls,girls,46,54,-8,Violet City,3A
Bardsley County|boys,boys,43,47,-4,Bardsley County,8A
Bardsley County|girls,girls,25,55,-30,Bardsley County,8A
Barley Gap|boys,boys,3,58,-55,Barley Gap,1A
Barley Gap|girls,girls,18,51,-33,Barley Gap,1A
Barleyfield|boys,boys,57,58,-1,Barleyfield,4A
Barleyfield|girls,girls,47,67,-20,Barleyfield,4A
Barlowe County High|boys,boys,28,26,2,Barlowe County,4A
Barlowe County High|girls,girls,30,24,6,Barlowe County,4A
Basalt Fork|girls,girls,23,15,8,Río Salado,1A
Basalt Prairie Union|boys,boys,16,40,-24,Prairie,Group 3
Basalt Prairie Union|girls,girls,34,52,-18,Prairie,Group 3
Bayard Rustin|boys,boys,13,65,-52,Rustin,9A
Bayard Rustin|girls,girls,70,51,19,Rustin,9A
Beacon Hill|boys,boys,10,10,0,Beacon Hill,4A
Beacon Hill|girls,girls,29,14,15,Beacon Hill,4A
Beargrass Christian|boys,boys,12,25,-13,Beargrass,Group 3
Beargrass Christian|girls,girls,42,25,17,Beargrass,Group 3
Beatrice Davenport|boys,boys,30,49,-19,Fort Halloran,4A
Beatrice Davenport|girls,girls,60,55,5,Fort Halloran,4A
Beatriz Salcedo|boys,boys,71,46,25,Spring Branch,Group 1
Beatriz Salcedo|girls,girls,52,61,-9,Spring Branch,Group 1
Beatriz Zamora|boys,boys,46,83,-37,Tower Grove,9A
Beatriz Zamora|girls,girls,55,68,-13,Tower Grove,9A
Bellacosta|boys,boys,43,55,-12,Bellacosta,7A
Bellacosta|girls,girls,59,59,0,Bellacosta,7A
Bell|boys,boys,54,34,20,Bell,8A
Bell|girls,girls,73,53,20,Bell,8A
Belmonte Agricultural Sciences Academy|boys,boys,31,15,16,Pelican Town,6A
Belmonte Agricultural Sciences Academy|girls,girls,51,19,32,Pelican Town,6A
Belmonte Applied Sciences Institute|boys,boys,35,43,-8,Yazoo,2A
Belmonte Applied Sciences Institute|girls,girls,55,40,15,Yazoo,2A
Belmonte Civic Leadership Academy|boys,boys,50,73,-23,Keeler,9A
Belmonte Civic Leadership Academy|girls,girls,41,49,-8,Keeler,9A
Belmonte Classical Academy|boys,boys,42,32,10,J. Madison,7A
Belmonte Classical Academy|girls,girls,50,33,17,J. Madison,7A
Belmonte Health Sciences Academy|boys,boys,2,55,-53,Dusty Spur,6A
Belmonte Health Sciences Academy|girls,girls,5,49,-44,Dusty Spur,6A
Belmonte Northwest|boys,boys,43,51,-8,Kokomo,Group 1
Belmonte Northwest|girls,girls,10,33,-23,Kokomo,Group 1
Belmonte River Plain|boys,boys,21,44,-23,Chillicothe,Group 1
Belmonte River Plain|girls,girls,50,44,6,Chillicothe,Group 1
Belmonte Technical Arts Academy|boys,boys,61,65,-4,Sojourner Truth,4A
Belmonte Technical Arts Academy|girls,girls,68,69,-1,Sojourner Truth,4A
Belmonte|boys,boys,52,33,19,Belmonte,6A
Belmonte|girls,girls,54,58,-4,Belmonte,6A
Belyakov Academy of Music and Media|boys,boys,2,2,0,Walter-Kenny,4A
Belyakov Academy of Music and Media|girls,girls,1,1,0,Walter-Kenny,4A
Belyakov Agricultural Sciences Academy|boys,boys,8,4,4,Mickey Mantle,9A
Belyakov Agricultural Sciences Academy|girls,girls,21,12,9,Mickey Mantle,9A
Belyakov Depot High|boys,boys,82,80,2,Anse Doree,8A
Belyakov Depot High|girls,girls,78,66,12,Anse Doree,8A
Belyakov Environmental Sciences Academy|boys,boys,33,8,25,Friendship City,9A
Belyakov Environmental Sciences Academy|girls,girls,51,8,43,Friendship City,9A
Belyakov Polytechnic Institute|boys,boys,21,3,18,Morne Caribou Polytechnic,5A
Belyakov Polytechnic Institute|girls,girls,28,21,7,Morne Caribou Polytechnic,5A
Belyakov River Plain North|boys,boys,56,38,18,Lycee Valmont,6A
Belyakov River Plain North|girls,girls,47,53,-6,Lycee Valmont,6A
Belyakov River Plain|girls,girls,72,64,8,Grand Fond,5A
Belyakov School of Science and Industry|boys,boys,32,39,-7,Kongisburg,8A
Belyakov School of Science and Industry|girls,girls,20,32,-12,Kongisburg,8A
Belyakov|boys,boys,3,3,0,East Moscow,8A
Belyakov|girls,girls,3,6,-3,East Moscow,8A
Benchton|boys,boys,64,65,-1,Benchton,5A
Benchton|girls,girls,73,76,-3,Benchton,5A
Bend Senior High|boys,boys,6,13,-7,Bend Senior,8A
Bend Senior High|girls,girls,12,20,-8,Bend Senior,8A
Benedetti|boys,boys,32,7,25,Benedetti,6A
Benedetti|girls,girls,2,6,-4,Benedetti,6A
Benjamin Banneker|boys,boys,3,9,-6,Banneker,9A
Benjamin Banneker|girls,girls,45,11,34,Banneker,9A
Benton Cross|boys,boys,42,63,-21,Benton Cross,2A
Benton Cross|girls,girls,32,52,-20,Benton Cross,2A
Berrio|boys,boys,48,15,33,Berrio,3A
Berrio|girls,girls,43,41,2,Berrio,3A
Bethel Christian|boys,boys,43,53,-10,Bethel Christian,2A
Bethel Christian|girls,girls,47,27,20,Bethel Christian,2A
Beulah Landing|boys,boys,76,41,35,Beulah Landing,1A
Beulah Landing|girls,girls,79,53,26,Beulah Landing,1A
Bidwell City|boys,boys,11,14,-3,Alfalfa City,1A
Bidwell City|girls,girls,26,14,12,Alfalfa City,1A
Bidwell County|boys,boys,58,68,-10,County Line,1A
Bidwell County|girls,girls,29,43,-14,County Line,1A
Bidwell|boys,boys,7,9,-2,Bidwell,1A
Bidwell|girls,girls,20,17,3,Bidwell,1A
Bishop Ferraro|boys,boys,54,75,-21,Ferraro,2A
Bishop Ferraro|girls,girls,50,74,-24,Ferraro,2A
Black Springs|boys,boys,24,36,-12,Black Springs,9A
Black Springs|girls,girls,56,52,4,Black Springs,9A
Blackbird Canyon|boys,boys,15,23,-8,Tallulah Canyon,4A
Blackbird Canyon|girls,girls,12,13,-1,Tallulah Canyon,4A
Blackpine North|boys,boys,60,51,9,Ravenwood,4A
Blackpine North|girls,girls,39,37,2,Ravenwood,4A
Blackpine|boys,boys,6,11,-5,Blackpine,5A
Blackpine|girls,girls,12,5,7,Blackpine,5A
Boley Union|boys,boys,33,19,14,Boley,Group 2
Boley Union|girls,girls,22,27,-5,Boley,Group 2
Bonds|boys,boys,61,56,5,Bonds,Group 2
Bonds|girls,girls,48,64,-16,Bonds,Group 2
Boyerstown North|girls,girls,57,64,-7,Alder Crossing,7A
Boyerstown|boys,boys,70,53,17,Boyerstown,5A
Boyerstown|girls,girls,49,44,5,Boyerstown,5A
Brackwood Union|boys,boys,37,27,10,Brackwood Pass,1A
Brackwood Union|girls,girls,59,44,15,Brackwood Pass,1A
Breakwater North|boys,boys,44,47,-3,Lighthouse,7A
Breakwater North|girls,girls,26,54,-28,Lighthouse,7A
Breakwater|boys,boys,73,56,17,Tide Point,5A
Breakwater|girls,girls,64,78,-14,Tide Point,5A
Bridger Regional|boys,boys,50,39,11,Bridger Regional,Group 2
Bridger Regional|girls,girls,51,53,-2,Bridger Regional,Group 2
Brookmont|boys,boys,11,11,0,Brookmont,7A
Brookmont|girls,girls,8,7,1,Brookmont,7A
Buckeye Bend|boys,boys,6,24,-18,Wyalusing,4A
Buckeye Bend|girls,girls,48,33,15,Wyalusing,4A
Burdensome|boys,boys,34,36,-2,Burdensome,Group 2
Burdensome|girls,girls,8,39,-31,Burdensome,Group 2
Burnt River High|boys,boys,9,80,-71,Burnt River,1A
Burnt River High|girls,girls,3,85,-82,Burnt River,1A
Cabo Esperanza Technical Arts Academy|boys,boys,46,68,-22,Cabo Esperanza Tech,3A
Cabo Esperanza Technical Arts Academy|girls,girls,44,38,6,Cabo Esperanza Tech,3A
Calasanz Prep|boys,boys,42,54,-12,Calasanz Prep,4A
Calasanz Prep|girls,girls,33,50,-17,Calasanz Prep,4A
Caldera High|boys,boys,41,26,15,Caldera,8A
Caldera High|girls,girls,65,34,31,Caldera,8A
Calderwood School|boys,boys,1,7,-6,Calderwood,3A
Calderwood School|girls,girls,14,11,3,Calderwood,3A
Calder|boys,boys,57,65,-8,Calder,6A
Calder|girls,girls,64,66,-2,Calder,6A
Calvary Chapel Ditch Fork|boys,boys,8,2,6,Cassius,1A
Calvary Chapel Ditch Fork|girls,girls,14,4,10,Cassius,1A
Calvary Chapel Kilbride Switch|boys,boys,2,7,-5,Gottschalk-Herman,2A
Calvary Chapel Kilbride Switch|girls,girls,1,10,-9,Gottschalk-Herman,2A
Calvary Chapel Olivet|boys,boys,2,1,1,Banfield Day,1A
Calvary Chapel Olivet|girls,girls,2,1,1,Banfield Day,1A
Camden Flat|boys,boys,16,40,-24,Camden Flat,1A
Camden Flat|girls,girls,31,33,-2,Camden Flat,1A
Canaan Bend|boys,boys,70,41,29,Canaan Bend,2A
Canaan Bend|girls,girls,73,55,18,Canaan Bend,2A
Canal View North|boys,boys,44,47,-3,Lateral Seven,5A
Canal View North|girls,girls,19,47,-28,Lateral Seven,5A
Canal View|boys,boys,65,4,61,Springfield,6A
Canal View|girls,girls,72,27,45,Springfield,6A
Carden City|boys,boys,31,69,-38,Carden City,Group 1
Carden City|girls,girls,40,65,-25,Carden City,Group 1
Carmen Cordero|boys,boys,85,46,39,Bannock,9A
Carmen Cordero|girls,girls,83,67,16,Bannock,9A
Carmen Valera|boys,boys,67,35,32,Ferris,9A
Carmen Valera|girls,girls,59,23,36,Ferris,9A
Carmina|boys,boys,46,54,-8,Carmina,Group 2
Carmina|girls,girls,41,48,-7,Carmina,Group 2
Carroway School of Public Service|boys,boys,61,29,32,Liberty Hill,6A
Carroway School of Public Service|girls,girls,57,23,34,Liberty Hill,6A
Carroway|boys,boys,52,60,-8,Carroway,3A
Carroway|girls,girls,52,56,-4,Carroway,3A
Caswell Depot High|boys,boys,15,10,5,Cherry Hill North,2A
Caswell Depot High|girls,girls,14,2,12,Cherry Hill North,2A
Caswell I-50 Technical|boys,boys,22,60,-38,Cherry Hill South,8A
Caswell I-50 Technical|girls,girls,61,44,17,Cherry Hill South,8A
Caswell School of Science and Industry|boys,boys,13,21,-8,Arthur,5A
Caswell School of Science and Industry|girls,girls,17,24,-7,Arthur,5A
Caswell University Prep|boys,boys,56,54,2,Palisade Prep,3A
Caswell University Prep|girls,girls,70,51,19,Palisade Prep,3A
Caswell|boys,boys,39,31,8,Caswell,8A
Caswell|girls,girls,22,52,-30,Caswell,8A
Cañada Grande|boys,boys,8,42,-34,Cañada Grande,Group 1
Cañada Grande|girls,girls,8,75,-67,Cañada Grande,Group 1
Cedarport|boys,boys,49,56,-7,North San Francisco,7A
Cedarport|girls,girls,61,50,11,North San Francisco,7A
Central Christian|boys,boys,37,34,3,Winter Valley,3A
Central Christian|girls,girls,22,32,-10,Winter Valley,3A
Chaff Head|boys,boys,68,52,16,Chaff Head,2A
Chaff Head|girls,girls,52,71,-19,Chaff Head,2A
Chaminade|boys,boys,3,2,1,Chaminade,6A
Chaminade|girls,girls,1,4,-3,Chaminade,6A
Charleston-on-the-Coast|boys,boys,35,52,-17,Charleston-on-the-Coast,3A
Charleston-on-the-Coast|girls,girls,55,67,-12,Charleston-on-the-Coast,3A
Cherry Hill East|boys,boys,9,7,2,Cherry Hill East,7A
Cherry Hill East|girls,girls,13,11,2,Cherry Hill East,7A
Chicago Island|boys,boys,9,10,-1,Chicago Island,Group 2
Chicago Island|girls,girls,27,28,-1,Chicago Island,Group 2
Christ the King|boys,boys,46,35,11,Christ the King,1A
Christ the King|girls,girls,60,31,29,Christ the King,1A
Ciderhaven|boys,boys,10,5,5,Ciderhaven,3A
Ciderhaven|girls,girls,18,5,13,Ciderhaven,3A
Cincinnati|boys,boys,58,60,-2,Cincinnati,Group 1
Cincinnati|girls,girls,65,52,13,Cincinnati,Group 1
Clara Cross|boys,boys,53,67,-14,Red Mesa,8A
Clara Cross|girls,girls,54,63,-9,Red Mesa,8A
Clover Reach|boys,boys,9,10,-1,Clover,5A
Clover Reach|girls,girls,7,7,0,Clover,5A
Coast Prairie|boys,boys,50,65,-15,Coast Prairie,1A
Coast Prairie|girls,girls,57,57,0,Coast Prairie,1A
Coastal Christian|boys,boys,19,5,14,Coastal Christian,1A
Coastal Christian|girls,girls,7,3,4,Coastal Christian,1A
Commonwealth|boys,boys,29,31,-2,Commonwealth,9A
Commonwealth|girls,girls,9,14,-5,Commonwealth,9A
Condon High|boys,boys,80,54,26,Condon,1A
Condon High|girls,girls,68,50,18,Condon,1A
Condotti Vanguard Academy|boys,boys,6,3,3,Condotti Vanguard Academy,7A
Condotti Vanguard Academy|girls,girls,10,5,5,Condotti Vanguard Academy,7A
Coolidge|boys,boys,71,39,32,Seagrove,9A
Coolidge|girls,girls,43,41,2,Seagrove,9A
Copper Bar|boys,boys,48,47,1,Copper Bar,Group 2
Copper Bar|girls,girls,24,38,-14,Copper Bar,Group 2
Copper Crossing|boys,boys,55,60,-5,Copper Gap,1A
Copper Crossing|girls,girls,61,62,-1,Copper Gap,1A
Copper Lake East|boys,boys,30,26,4,Bridgewater,6A
Copper Lake East|girls,girls,34,37,-3,Bridgewater,6A
Copper Lake West|boys,boys,2,40,-38,Azurite,7A
Copper Lake West|girls,girls,56,58,-2,Azurite,7A
Copper Lake|boys,boys,41,30,11,Copper Lake,7A
Copper Lake|girls,girls,33,35,-2,Copper Lake,7A
Corliss Regional|boys,boys,57,57,0,Corliss Regional,3A
Corliss Regional|girls,girls,54,72,-18,Corliss Regional,3A
Cortland|boys,boys,82,60,22,Cortland,9A
Cortland|girls,girls,80,59,21,Cortland,9A
Costa Verde North|boys,boys,12,29,-17,Verde Highlands,5A
Costa Verde North|girls,girls,59,74,-15,Verde Highlands,5A
Costa Verde|boys,boys,39,40,-1,Costa Verde,4A
Costa Verde|girls,girls,41,43,-2,Costa Verde,4A
Cottonrock Point|boys,boys,66,50,16,Cottonrock Point,4A
Cottonrock Point|girls,girls,32,20,12,Cottonrock Point,4A
Cove High|boys,boys,40,30,10,Cove,2A
Cove High|girls,girls,34,33,1,Cove,2A
Covenant Christian|boys,boys,64,47,17,Covenant Christian,Group 3
Covenant Christian|girls,girls,48,63,-15,Covenant Christian,Group 3
Cradle Reach|boys,boys,49,17,32,Cradle,2A
Cradle Reach|girls,girls,19,44,-25,Cradle,2A
Crane|boys,boys,19,28,-9,Crane,3A
Crane|girls,girls,10,45,-35,Crane,3A
Crown Hill|boys,boys,33,42,-9,Crown Hill,7A
Crown Hill|girls,girls,31,66,-35,Crown Hill,7A
Cub River Catholic|boys,boys,38,41,-3,Coldwater,Group 2
Cub River Catholic|girls,girls,47,44,3,Coldwater,Group 2
Cutbank|boys,boys,52,27,25,Cutbank,Group 2
Cutbank|girls,girls,60,31,29,Cutbank,Group 2
César Mendoza|boys,boys,74,77,-3,De La Salle,9A
César Mendoza|girls,girls,69,10,59,De La Salle,9A
Dahlberg School of Science and Industry|boys,boys,45,41,4,Hartford City,3A
Dahlberg School of Science and Industry|girls,girls,48,40,8,Hartford City,3A
Dahlberg|boys,boys,70,61,9,Dahlberg Summit,3A
Dahlberg|girls,girls,71,68,3,Dahlberg Summit,3A
Daniel Gaines North|boys,boys,46,34,12,Tensas,7A
Daniel Gaines North|girls,girls,37,53,-16,Tensas,7A
Daniel Gaines|girls,girls,36,21,15,Vicksburg,7A
Dawkins|boys,boys,3,4,-1,Dawkins,Group 2
Dawkins|girls,girls,7,9,-2,Dawkins,Group 2
Delbarton|boys,boys,57,36,21,Delbarton,7A
Delbarton|girls,girls,63,47,16,Delbarton,7A
Depot High North|boys,boys,51,57,-6,Natchez,Group 1
Depot High North|girls,girls,70,55,15,Natchez,Group 1
Depot High|boys,boys,13,28,-15,Passaic,4A
Depot High|girls,girls,8,28,-20,Passaic,4A
Diamante|boys,boys,58,24,34,Diamante,Group 3
Diamante|girls,girls,52,39,13,Diamante,Group 3
Ditch Fork|boys,boys,13,48,-35,Ditch Fork,8A
Ditch Fork|girls,girls,18,51,-33,Ditch Fork,8A
Dolores Huerta|boys,boys,59,44,15,Huerta,9A
Dolores Huerta|girls,girls,65,57,8,Huerta,9A
Dovetail|boys,boys,24,58,-34,Dovetail,Group 3
Dovetail|girls,girls,62,65,-3,Dovetail,Group 3
Doyle Junction|boys,boys,50,60,-10,Doyle Pass,4A
Doyle Junction|girls,girls,61,68,-7,Doyle Pass,4A
Doyleville Union|boys,boys,8,9,-1,Doyleville Union,Group 3
Doyleville Union|girls,girls,12,11,1,Doyleville Union,Group 3
Draybrook Union|boys,boys,3,13,-10,Draybrook Union,2A
Draybrook Union|girls,girls,6,4,2,Draybrook Union,2A
Drayfield Foundry High|boys,boys,22,25,-3,Empire,Group 2
Drayfield Foundry High|girls,girls,49,20,29,Empire,Group 2
Drayfield|boys,boys,55,23,32,Drayfield,Group 2
Drayfield|girls,girls,35,40,-5,Drayfield,Group 2
Dry Lake|boys,boys,24,28,-4,Dry Lake,6A
Dry Lake|girls,girls,13,41,-28,Dry Lake,6A
Dufur High|boys,boys,30,15,15,Dufur,1A
Dufur High|girls,girls,12,9,3,Dufur,1A
Eagleton|girls,girls,68,61,7,Eagleton,Group 3
Eastgate North|girls,girls,53,43,10,Eastgate North,6A
Eastmont Christian|boys,boys,11,13,-2,Eastmont,4A
Eastmont Christian|girls,girls,46,9,37,Eastmont,4A
Eatonville Central|boys,boys,57,39,18,Eatonville,Group 3
Eatonville Central|girls,girls,55,58,-3,Eatonville,Group 3
Echevarria Foundry High|boys,boys,60,29,31,Bitterroot,Group 1
Echevarria Foundry High|girls,girls,48,15,33,Bitterroot,Group 1
Echevarria I-50 Technical|boys,boys,48,58,-10,Red Bluff,Group 1
Echevarria I-50 Technical|girls,girls,71,57,14,Red Bluff,Group 1
Echo High|boys,boys,61,65,-4,Echo,2A
Echo High|girls,girls,54,65,-11,Echo,2A
Eden County Christian|boys,boys,26,26,0,Eden,Group 2
Eden County Christian|girls,girls,9,19,-10,Eden,Group 2
Edith Hart|boys,boys,18,13,5,Bellarmine Prep,7A
Edith Hart|girls,girls,5,6,-1,Bellarmine Prep,7A
Edith Mercer|boys,boys,49,19,30,Forest Park,9A
Edith Mercer|girls,girls,23,21,2,Forest Park,9A
Edith Tillman|boys,boys,29,34,-5,Norwood Park,Group 2
Edith Tillman|girls,girls,26,26,0,Norwood Park,Group 2
Edith Ward|boys,boys,20,31,-11,Central West End,5A
Edith Ward|girls,girls,16,19,-3,Central West End,5A
Eisenhower|boys,boys,18,31,-13,Flume River,4A
Eisenhower|girls,girls,45,49,-4,Flume River,4A
Eleanor Tillman|boys,boys,47,37,10,Anchor,3A
Eleanor Tillman|girls,girls,57,39,18,Anchor,3A
Elena Mendoza North|boys,boys,42,31,11,Cahaba,Group 1
Elena Mendoza North|girls,girls,57,60,-3,Cahaba,Group 1
Elena Petrenko|boys,boys,12,16,-4,Kingsway,Group 1
Elena Petrenko|girls,girls,24,14,10,Kingsway,Group 1
Elena Petrov|boys,boys,2,33,-31,Talladega,9A
Elena Petrov|girls,girls,47,48,-1,Talladega,9A
Elgin High|boys,boys,18,57,-39,Elgin,2A
Elgin High|girls,girls,25,73,-48,Elgin,2A
Elias Mercier|boys,boys,34,74,-40,Cascade,5A
Elias Mercier|girls,girls,68,66,2,Cascade,5A
Elk Bluff|boys,boys,46,15,31,Elk Bluff,Group 3
Elk Bluff|girls,girls,40,30,10,Elk Bluff,Group 3
Elk Crossing|boys,boys,68,38,30,Elk Crossing,3A
Elk Crossing|girls,girls,51,28,23,Elk Crossing,3A
Elk Prairie|boys,boys,59,38,21,Carolina Island,1A
Elk Prairie|girls,girls,41,58,-17,Carolina Island,1A
Elk Run|boys,boys,9,61,-52,Elk Run,2A
Elk Run|girls,girls,20,49,-29,Elk Run,2A
Ella Baker|girls,girls,14,7,7,E. Baker,Group 2
Elmburg|boys,boys,1,49,-48,Mt Jacqueline,1A
Elmburg|girls,girls,5,74,-69,Mt Jacqueline,1A
Elmfield|boys,boys,5,12,-7,Nurmes,Group 3
Elmfield|girls,girls,28,7,21,Nurmes,Group 3
Emerson|boys,boys,11,9,2,Emerson,6A
Emerson|girls,girls,21,9,12,Emerson,6A
Emigrant Trail|boys,boys,42,44,-2,Trailhead,Group 2
Emigrant Trail|girls,girls,64,47,17,Trailhead,Group 2
Emilia Jansen|boys,boys,40,34,6,Sharpstown,4A
Emilia Jansen|girls,girls,62,26,36,Sharpstown,4A
Emporia|boys,boys,53,65,-12,Emporia,Group 3
Emporia|girls,girls,61,68,-7,Emporia,Group 3
Enterprise High|boys,boys,66,50,16,Enterprise,2A
Enterprise High|girls,girls,61,56,5,Enterprise,2A
Esteban Téllez|boys,boys,37,25,12,Sawtelle,Group 1
Esteban Téllez|girls,girls,33,27,6,Sawtelle,Group 1
Etchartville|boys,boys,55,50,5,Etchartville,Group 1
Etchartville|girls,girls,55,37,18,Etchartville,Group 1
Etchart|boys,boys,43,41,2,Etchart,Group 3
Etchart|girls,girls,46,53,-7,Etchart,Group 3
Evelyn Booker|boys,boys,21,21,0,Taft,4A
Evelyn Booker|girls,girls,19,18,1,Taft,4A
Ewart City|boys,boys,79,56,23,Cook City,8A
Ewart City|girls,girls,85,38,47,Cook City,8A
Ewartville|boys,boys,27,33,-6,Fort Tabor,2A
Ewartville|girls,girls,17,42,-25,Fort Tabor,2A
Featherstone Institute|boys,boys,33,76,-43,Featherstone Tech,1A
Featherstone Institute|girls,girls,78,81,-3,Featherstone Tech,1A
Featherton|boys,boys,19,16,3,Featherton,2A
Featherton|girls,girls,36,26,10,Featherton,2A
Fellows Mill Civic Leadership Academy|boys,boys,27,18,9,Millworks,4A
Fellows Mill Civic Leadership Academy|girls,girls,7,35,-28,Millworks,4A
Fellows Mill International School|boys,boys,31,32,-1,Mill Bar,3A
Fellows Mill International School|girls,girls,21,42,-21,Mill Bar,3A
Fellows Mill|boys,boys,16,11,5,Fellows Mill,4A
Fellows Mill|girls,girls,6,12,-6,Fellows Mill,4A
Ferris Union|boys,boys,59,59,0,Union Prairie,Group 3
Ferris Union|girls,girls,57,67,-10,Union Prairie,Group 3
Fig Gap|boys,boys,31,70,-39,Río Verde,2A
Fig Gap|girls,girls,38,23,15,Río Verde,2A
Fletcher-Garrison Hall|boys,boys,27,46,-19,Fletcher-Garrison Hall,3A
Fletcher-Garrison Hall|girls,girls,24,30,-6,Fletcher-Garrison Hall,3A
Flume|boys,boys,72,45,27,Flume,1A
Flume|girls,girls,58,55,3,Flume,1A
Fogline|boys,boys,26,18,8,Fogline,2A
Fogline|girls,girls,11,14,-3,Fogline,2A
Foothills Christian|boys,boys,27,33,-6,Foothills Christian,1A
Foothills Christian|girls,girls,24,28,-4,Foothills Christian,1A
Fort Carden|boys,boys,52,49,3,Fort Carden,8A
Fort Carden|girls,girls,53,24,29,Fort Carden,8A
Fort Meriwether Breakwater|boys,boys,14,15,-1,Breakwater,8A
Fort Meriwether Breakwater|girls,girls,5,10,-5,Breakwater,8A
Fort Meriwether Foundry High North|boys,boys,1,2,-1,Westfield Friends,5A
Fort Meriwether Foundry High North|girls,girls,2,2,0,Westfield Friends,5A
Fort Meriwether Foundry High|boys,boys,64,43,21,Ironworks,6A
Fort Meriwether Foundry High|girls,girls,68,56,12,Ironworks,6A
Fort Meriwether|boys,boys,59,43,16,Fort Meriwether,5A
Fort Meriwether|girls,girls,75,38,37,Fort Meriwether,5A
Fort Salish Independent School|boys,boys,60,37,23,Bayside Christian,6A
Fort Salish Independent School|girls,girls,62,54,8,Bayside Christian,6A
Fort Salish|boys,boys,17,37,-20,Fort Weller,4A
Fort Salish|girls,girls,14,31,-17,Fort Weller,4A
Fort Valois School of Design and Engineering|boys,boys,54,54,0,Valois Bluffs,Group 1
Fort Valois School of Design and Engineering|girls,girls,42,42,0,Valois Bluffs,Group 1
Fort Valois School of Public Service|boys,boys,39,59,-20,Sagebrush,Group 1
Fort Valois School of Public Service|girls,girls,36,68,-32,Sagebrush,Group 1
Fort Valois|boys,boys,56,23,33,Fort Valois,Group 1
Fort Valois|girls,girls,53,30,23,Fort Valois,Group 1
Foundry High|boys,boys,75,76,-1,Esperanza,9A
Foundry High|girls,girls,82,83,-1,Esperanza,9A
Four Rivers Community School|boys,boys,22,39,-17,Four Rivers Charter,2A
Four Rivers Community School|girls,girls,21,25,-4,Four Rivers Charter,2A
Foxtail Meadows|boys,boys,33,24,9,Foxtail Meadows,5A
Foxtail Meadows|girls,girls,50,41,9,Foxtail Meadows,5A
Free Hill|boys,boys,66,79,-13,Free Hill,1A
Free Hill|girls,girls,44,47,-3,Free Hill,1A
Frontier High|boys,boys,17,74,-57,Frontier,Group 1
Frontier High|girls,girls,5,69,-64,Frontier,Group 1
Furrow Crossing|boys,boys,51,35,16,Furrow Crossing,5A
Furrow Crossing|girls,girls,57,43,14,Furrow Crossing,5A
Gabriel Montoya|boys,boys,55,41,14,Marlow,4A
Gabriel Montoya|girls,girls,34,29,5,Marlow,4A
Gabriel Zúñiga|boys,boys,31,29,2,Longfellow,8A
Gabriel Zúñiga|girls,girls,57,18,39,Longfellow,8A
Gagarin School of Public Service|boys,boys,3,1,2,Star City,5A
Gagarin School of Public Service|girls,girls,4,4,0,Star City,5A
Gagarin|boys,boys,1,1,0,Gagarin,4A
Gagarin|girls,girls,2,3,-1,Gagarin,4A
Galena|boys,boys,45,60,-15,Galena,Group 2
Galena|girls,girls,23,54,-31,Galena,Group 2
Galina Markov|boys,boys,78,54,24,Monroe,9A
Galina Markov|girls,girls,67,62,5,Monroe,9A
Galina Moroz|boys,boys,23,23,0,Windward,2A
Galina Moroz|girls,girls,7,9,-2,Windward,2A
Galina Romanov|boys,boys,10,48,-38,Stagewater,Group 1
Galina Romanov|girls,girls,35,43,-8,Stagewater,Group 1
Garazi Aramburu|boys,boys,26,4,22,Ocean Park,Group 3
Garazi Aramburu|girls,girls,10,4,6,Ocean Park,Group 3
Garazi Mendizabal|boys,boys,16,9,7,Cedar,Group 2
Garazi Mendizabal|girls,girls,17,8,9,Cedar,Group 2
Garfield Park|boys,boys,18,8,10,Reservoir Park,Group 2
Garfield Park|girls,girls,28,15,13,Reservoir Park,Group 2
Garrity|boys,boys,4,2,2,Texas Beach,2A
Garrity|girls,girls,23,1,22,Texas Beach,2A
Garrow|boys,boys,39,69,-30,Garrow,5A
Garrow|girls,girls,48,71,-23,Garrow,5A
George Washington Carver|boys,boys,63,27,36,Carver,6A
George Washington Carver|girls,girls,67,24,43,Carver,6A
Geraldine Cross|boys,boys,3,3,0,Port Veles Episcopal,4A
Geraldine Cross|girls,girls,18,4,14,Port Veles Episcopal,4A
Gilhooly|boys,boys,46,55,-9,Gilhooly,2A
Gilhooly|girls,girls,60,58,2,Gilhooly,2A
Glenwood High|boys,boys,39,28,11,Glenwood,1A
Glenwood High|girls,girls,48,39,9,Glenwood,1A
Gold Hollow|boys,boys,73,56,17,Gold Hollow,2A
Gold Hollow|girls,girls,63,37,26,Gold Hollow,2A
Gold Junction|boys,boys,24,11,13,Seamus Town,2A
Gold Junction|girls,girls,24,21,3,Seamus Town,2A
Goldbank County|boys,boys,38,12,26,Goldbank County,3A
Goldbank County|girls,girls,6,9,-3,Goldbank County,3A
Golden Gate|boys,boys,59,82,-23,Golden Gate,8A
Golden Gate|girls,girls,66,68,-2,Golden Gate,8A
Goodman|boys,boys,55,17,38,Fort Bardsley,3A
Goodman|girls,girls,8,8,0,Fort Bardsley,3A
Grace Christian|boys,boys,17,55,-38,Grace Christian,1A
Grace Christian|girls,girls,70,41,29,Grace Christian,1A
Grace Lee Boggs|girls,girls,24,10,14,Boggs,5A
Granite Bar|boys,boys,42,64,-22,New Penzance Island,1A
Granite Bar|girls,girls,33,19,14,New Penzance Island,1A
Granite Basin|boys,boys,16,21,-5,Granite Basin,2A
Granite Basin|girls,girls,49,29,20,Granite Basin,2A
Gravel Narrows|boys,boys,49,32,17,Gravel Narrows,Group 1
Gravel Narrows|girls,girls,54,46,8,Gravel Narrows,Group 1
Graymont|boys,boys,17,36,-19,Georgia Mills,Group 3
Graymont|girls,girls,25,20,5,Georgia Mills,Group 3
Greaves Aviation and Engineering Academy|boys,boys,25,38,-13,Skypark,Group 2
Greaves Aviation and Engineering Academy|girls,girls,30,10,20,Skypark,Group 2
Greaves|boys,boys,46,67,-21,Greaves,Group 1
Greaves|girls,girls,26,74,-48,Greaves,Group 1
Green River High|boys,boys,33,28,5,Green River,Group 1
Green River High|girls,girls,34,41,-7,Green River,Group 1
Greta Adler|girls,girls,24,15,9,Topanga,7A
Gulch Bend|boys,boys,58,40,18,West El Paso,6A
Gulch Bend|girls,girls,28,61,-33,West El Paso,6A
Guthrie Catholic|boys,boys,9,10,-1,Guthrie,Group 3
Guthrie Catholic|girls,girls,8,24,-16,Guthrie,Group 3
Gwendolyn Brooks North|boys,boys,59,37,22,Lakewood,7A
Gwendolyn Brooks North|girls,girls,49,38,11,Lakewood,7A
Gwendolyn Brooks|boys,boys,34,27,7,Brooks,8A
Gwendolyn Brooks|girls,girls,34,19,15,Brooks,8A
Haddon Siding|boys,boys,37,20,17,Haddon,2A
Haddon Siding|girls,girls,37,30,7,Haddon,2A
Halbrook Technical|boys,boys,81,38,43,Basin Gate,9A
Halbrook Technical|girls,girls,12,35,-23,Basin Gate,9A
Halbrook Union|boys,boys,62,9,53,Deaconsburg,7A
Halbrook Union|girls,girls,45,8,37,Deaconsburg,7A
Halbrook|boys,boys,66,21,45,Halbrook,9A
Halbrook|girls,girls,63,20,43,Halbrook,9A
Halemere|boys,boys,70,30,40,Halemere,1A
Halemere|girls,girls,77,63,14,Halemere,1A
Halfway House|boys,boys,75,68,7,Halfway House,2A
Halfway House|girls,girls,66,69,-3,Halfway House,2A
Hampton Technical|boys,boys,51,22,29,Hampton,Group 2
Hampton Technical|girls,girls,20,32,-12,Hampton,Group 2
Harbor Gate North|boys,boys,61,27,34,Van Buren,9A
Harbor Gate North|girls,girls,35,39,-4,Van Buren,9A
Harlan Cole|boys,boys,61,61,0,Harlan,8A
Harlan Cole|girls,girls,72,62,10,Harlan,8A
Harlan Tillman|boys,boys,15,28,-13,Xavier College Prep,8A
Harlan Tillman|girls,girls,14,28,-14,Xavier College Prep,8A
Harold Calder|boys,boys,9,31,-22,Tomales Bay,6A
Harold Calder|girls,girls,10,47,-37,Tomales Bay,6A
Harold Tillman North|boys,boys,41,50,-9,Echevarria,Group 2
Harold Tillman North|girls,girls,39,55,-16,Echevarria,Group 2
Harold Tillman|boys,boys,59,28,31,Copper Belt,Group 2
Harold Tillman|girls,girls,6,23,-17,Copper Belt,Group 2
Harold Williams|boys,boys,35,79,-44,Tuskegee,9A
Harold Williams|girls,girls,57,75,-18,Tuskegee,9A
Harriman Maritime Academy|boys,boys,45,30,15,Kennedy,Group 1
Harriman Maritime Academy|girls,girls,28,36,-8,Kennedy,Group 1
Harriman South|boys,boys,29,71,-42,Hidden Draw,Group 1
Harriman South|girls,girls,51,58,-7,Hidden Draw,Group 1
Harriman|boys,boys,5,26,-21,Harriman,Group 1
Harriman|girls,girls,64,47,17,Harriman,Group 1
Harrow School of Design and Engineering|boys,boys,11,29,-18,New Boston,Group 2
Harrow School of Design and Engineering|girls,girls,44,46,-2,New Boston,Group 2
Harry Truman|boys,boys,64,43,21,Truman,4A
Harry Truman|girls,girls,51,61,-10,Truman,4A
Hawk Bar|boys,boys,67,69,-2,Hawk Bar,2A
Hawk Bar|girls,girls,78,68,10,Hawk Bar,2A
Hawk Lake Eastgate|boys,boys,5,1,4,Oakhaven,6A
Hawk Lake Eastgate|girls,girls,6,2,4,Oakhaven,6A
Hawk Lake Southeast|boys,boys,11,22,-11,Pine Barrens,5A
Hawk Lake Southeast|girls,girls,15,11,4,Pine Barrens,5A
Hawk Lake|girls,girls,18,13,5,Hawk Lake,6A
Hazel Bennett|boys,boys,21,48,-27,Benton Park,9A
Hazel Bennett|girls,girls,40,47,-7,Benton Park,9A
Hazel Hart|girls,girls,58,76,-18,Oak Meyer,2A
Henrik Keller|boys,boys,37,28,9,W.H. Harrison,9A
Henrik Keller|girls,girls,17,37,-20,W.H. Harrison,9A
Herbert Hoover|boys,boys,56,63,-7,Hoover,4A
Herbert Hoover|girls,girls,57,62,-5,Hoover,4A
Heritage Christian|boys,boys,79,66,13,Longmeadow,1A
Heritage Christian|girls,girls,80,69,11,Longmeadow,1A
Hermiston High|boys,boys,30,49,-19,Hermiston,5A
Hermiston High|girls,girls,45,59,-14,Hermiston,5A
Heron Slough|boys,boys,49,52,-3,Heron Slough,6A
Heron Slough|girls,girls,63,59,4,Heron Slough,6A
Hetfield|boys,boys,61,48,13,Brynildson Hill,Group 3
Hetfield|girls,girls,59,64,-5,Brynildson Hill,Group 3
Holy Cross|boys,boys,62,68,-6,Holy Cross,8A
Holy Cross|girls,girls,76,71,5,Holy Cross,8A
Homecroft Manufacturing and Technology Academy|boys,boys,42,57,-15,West Burlington,Group 3
Homecroft Manufacturing and Technology Academy|girls,girls,41,49,-8,West Burlington,Group 3
Homecroft|boys,boys,44,34,10,Homecroft,Group 1
Homecroft|girls,girls,46,45,1,Homecroft,Group 1
Homestead North|boys,boys,11,56,-45,Garden Plain,Group 1
Homestead North|girls,girls,41,59,-18,Garden Plain,Group 1
Homestead|boys,boys,68,21,47,Homestead,Group 1
Homestead|girls,girls,45,21,24,Homestead,Group 1
Housatonic HS|boys,boys,43,66,-23,Housatonic,9A
Housatonic HS|girls,girls,62,66,-4,Housatonic,9A
Huckle Butte|boys,boys,35,54,-19,Huckle Butte,Group 3
Huckle Butte|girls,girls,50,56,-6,Huckle Butte,Group 3
Huckle Lake|boys,boys,28,26,2,Mount Dylan Lake,1A
Huckle Lake|girls,girls,42,29,13,Mount Dylan Lake,1A
Huntington High|boys,boys,14,29,-15,Huntington,2A
Huntington High|girls,girls,57,31,26,Huntington,2A
Hydraulicwood|boys,boys,65,45,20,Hydraulicwood,2A
Hydraulicwood|girls,girls,67,51,16,Hydraulicwood,2A
I-50 Technical North|boys,boys,15,24,-9,Tuscarora,Group 1
I-50 Technical North|girls,girls,12,20,-8,Tuscarora,Group 1
Ida B. Wells|boys,boys,25,14,11,Wells,9A
Ida B. Wells|girls,girls,78,15,63,Wells,9A
Idaho Valley|boys,boys,52,37,15,Idaho Valley,Group 1
Idaho Valley|girls,girls,32,56,-24,Idaho Valley,Group 1
Igor Chernov North|boys,boys,22,33,-11,Fillmore,7A
Igor Chernov North|girls,girls,58,27,31,Fillmore,7A
Igor Chernov|boys,boys,25,40,-15,Taylor,8A
Igor Chernov|girls,girls,58,31,27,Taylor,8A
Iker Aramburu North|boys,boys,69,62,7,Highland Park,5A
Iker Aramburu North|girls,girls,69,62,7,Highland Park,5A
Imani Cross|boys,boys,55,74,-19,Apalachicola,8A
Imani Cross|girls,girls,70,85,-15,Apalachicola,8A
Imbler High|boys,boys,72,66,6,Imbler,2A
Imbler High|girls,girls,74,78,-4,Imbler,2A
Indigo Bend|boys,boys,22,16,6,Indigo Bend,4A
Indigo Bend|girls,girls,54,15,39,Indigo Bend,4A
Indigo Rim|boys,boys,37,35,2,Indigo Rim,7A
Indigo Rim|girls,girls,35,31,4,Indigo Rim,7A
Ione High|boys,boys,64,13,51,Ione,1A
Ione High|girls,girls,67,46,21,Ione,1A
Irina Kovalenko North|boys,boys,56,68,-12,Arroyo Verde,9A
Irina Kovalenko North|girls,girls,52,56,-4,Arroyo Verde,9A
Irina Kovalenko|boys,boys,34,38,-4,Michaela East,4A
Irina Kovalenko|girls,girls,58,41,17,Michaela East,4A
Irrigon High|boys,boys,18,50,-32,Irrigon,1A
Irrigon High|girls,girls,34,48,-14,Irrigon,1A
Irvington|boys,boys,4,7,-3,Irvington,Group 1
Irvington|girls,girls,6,1,5,Irvington,Group 1
Isabel Lucero|boys,boys,34,62,-28,El Sereno,7A
Isabel Lucero|girls,girls,55,68,-13,El Sereno,7A
Isabel Montalvo|girls,girls,25,25,0,Magnolia Park,4A
Isaiah Booker|boys,boys,67,61,6,Warren,4A
Isaiah Booker|girls,girls,66,64,2,Warren,4A
Itziar Elorriaga|boys,boys,80,36,44,Elysian Valley,8A
Itziar Elorriaga|girls,girls,28,25,3,Elysian Valley,8A
Itziar Lertxundi|boys,boys,28,40,-12,Noe Valley,Group 1
Itziar Lertxundi|girls,girls,60,38,22,Noe Valley,Group 1
Jackson Hole High|boys,boys,3,12,-9,Jackson Hole,Group 1
Jackson Hole High|girls,girls,1,10,-9,Jackson Hole,Group 1
James Baldwin|boys,boys,57,85,-28,Baldwin,8A
James Baldwin|girls,girls,69,82,-13,Baldwin,8A
James Gaines|boys,boys,52,42,10,Rogue Valley,9A
James Gaines|girls,girls,24,22,2,Rogue Valley,9A
James Madison North|boys,boys,13,64,-51,Hagerstown,Group 1
James Madison North|girls,girls,23,40,-17,Hagerstown,Group 1
Janice Bennett|boys,boys,72,56,16,Calvary Christian,3A
Janice Bennett|girls,girls,69,65,4,Calvary Christian,3A
Janice Cole|boys,boys,4,11,-7,Fallon,6A
Janice Cole|girls,girls,23,32,-9,Fallon,6A
Javier Alvarado|boys,boys,51,24,27,Okefenokee,8A
Javier Alvarado|girls,girls,74,22,52,Okefenokee,8A
Javier Castañeda|boys,boys,77,54,23,Kenwood,5A
Javier Castañeda|girls,girls,82,79,3,Kenwood,5A
Javier Cárdenas North|boys,boys,37,63,-26,Casa Linda,6A
Javier Cárdenas North|girls,girls,36,71,-35,Casa Linda,6A
Javier Villalba|boys,boys,72,82,-10,Los Feliz,9A
Javier Villalba|girls,girls,54,86,-32,Los Feliz,9A
Jean Baptiste|boys,boys,60,46,14,Baptiste,Group 2
Jean Baptiste|girls,girls,61,57,4,Baptiste,Group 2
Jean Lindgren North|boys,boys,26,29,-3,Harrisburgh,9A
Jean Lindgren North|girls,girls,46,30,16,Harrisburgh,9A
Jean Lindgren|boys,boys,19,25,-6,Bridgeport,6A
Jean Lindgren|girls,girls,37,20,17,Bridgeport,6A
Jeannette Freeman|boys,boys,48,40,8,Round Mountain,9A
Jeannette Freeman|girls,girls,22,18,4,Round Mountain,9A
Jefferson School of Science and Technology North|boys,boys,7,1,6,Evans Larsen Day,7A
Jefferson School of Science and Technology North|girls,girls,1,1,0,Evans Larsen Day,7A
Jefferson School of Science and Technology|boys,boys,86,84,2,Jefferson Science,9A
Jefferson School of Science and Technology|girls,girls,49,71,-22,Jefferson Science,9A
Jessup Bar|boys,boys,30,32,-2,Jessup Bar,2A
Jessup Bar|girls,girls,64,43,21,Jessup Bar,2A
Jimmy Carter|boys,boys,79,50,29,Carter,9A
Jimmy Carter|girls,girls,53,80,-27,Carter,9A
John F. Kennedy North|boys,boys,50,39,11,Box Canyon,Group 1
John F. Kennedy North|girls,girls,37,29,8,Box Canyon,Group 1
John Lewis|boys,boys,33,31,2,Lewis,2A
John Lewis|girls,girls,33,20,13,Lewis,2A
Jon Etxeberria North|boys,boys,23,24,-1,Chickasaw,Group 2
Jon Etxeberria North|girls,girls,36,22,14,Chickasaw,Group 2
Jon Garmendia|boys,boys,35,14,21,Pope Leo XIV,Group 1
Jon Garmendia|girls,girls,39,18,21,Pope Leo XIV,Group 1
Joseph High|boys,boys,14,3,11,Joseph,1A
Joseph High|girls,girls,1,2,-1,Joseph,1A
José Martí North|boys,boys,28,48,-20,Belle Rive,5A
José Martí North|girls,girls,25,12,13,Belle Rive,5A
José Martí|boys,boys,8,39,-31,Trois Ilets,7A
José Martí|girls,girls,18,42,-24,Trois Ilets,7A
Juniper Ridge|boys,boys,57,32,25,Juniper Ridge,5A
Juniper Ridge|girls,girls,85,48,37,Juniper Ridge,5A
Katherine Booker|boys,boys,57,58,-1,Polk,9A
Katherine Booker|girls,girls,71,53,18,Polk,9A
Katherine Davenport|boys,boys,53,47,6,Blue Mountain,4A
Katherine Davenport|girls,girls,59,30,29,Blue Mountain,4A
Katherine Whitaker|girls,girls,44,62,-18,Brookside,6A
Katherine Williams|boys,boys,63,86,-23,Pierce,9A
Katherine Williams|girls,girls,85,78,7,Pierce,9A
Kearney|boys,boys,36,20,16,Kearney,Group 3
Kearney|girls,girls,23,6,17,Kearney,Group 3
Keldale|boys,boys,1,1,0,Espoo,Group 3
Keldale|girls,girls,2,1,1,Espoo,Group 3
Kelford Northwest|boys,boys,34,9,25,Horseshoe Bend,3A
Kelford Northwest|girls,girls,16,10,6,Horseshoe Bend,3A
Kelford|boys,boys,79,72,7,Kelford,5A
Kelford|girls,girls,76,70,6,Kelford,5A
Kelview Union|boys,boys,34,46,-12,Iisalmi Union,Group 3
Kelview Union|girls,girls,54,60,-6,Iisalmi Union,Group 3
Kendricks Landing|boys,boys,13,19,-6,Kendricks Landing,Group 3
Kendricks Landing|girls,girls,18,35,-17,Kendricks Landing,Group 3
Kernwood County|boys,boys,35,56,-21,Kernwood County,6A
Kernwood County|girls,girls,69,30,39,Kernwood County,6A
Kernwood Lutheran|boys,boys,60,70,-10,Kernwood Lutheran,1A
Kernwood Lutheran|girls,girls,75,70,5,Kernwood Lutheran,1A
Kettle Ridge|boys,boys,61,54,7,Kettle Ridge,7A
Kettle Ridge|girls,girls,46,46,0,Kettle Ridge,7A
Kilbride Hall|girls,girls,22,25,-3,Kilbride Hall,1A
Kilbride Switch South|boys,boys,66,65,1,Switchback,3A
Kilbride Switch South|girls,girls,61,37,24,Switchback,3A
Kilbride Switch|boys,boys,7,77,-70,Kilbride Switch,5A
Kilbride Switch|girls,girls,36,83,-47,Kilbride Switch,5A
Klara Marchand|boys,boys,14,12,2,Meriwether,9A
Klara Marchand|girls,girls,19,26,-7,Meriwether,9A
Klickitat High|boys,boys,13,12,1,Klickitat,1A
Klickitat High|girls,girls,27,11,16,Klickitat,1A
La Grande High|boys,boys,5,71,-66,La Grande,5A
La Grande High|girls,girls,1,80,-79,La Grande,5A
Lake Esperanza South|boys,boys,36,29,7,Malheur Flat,7A
Lake Esperanza South|girls,girls,43,28,15,Malheur Flat,7A
Lake Esperanza|boys,boys,43,23,20,Lake Esperanza,6A
Lake Esperanza|girls,girls,29,31,-2,Lake Esperanza,6A
Laketown Regional|boys,boys,40,45,-5,Laketown Regional,Group 2
Laketown Regional|girls,girls,53,56,-3,Laketown Regional,Group 2
Langston Central|boys,boys,63,49,14,Singleton,Group 3
Langston Central|girls,girls,51,62,-11,Singleton,Group 3
Lanphere|boys,boys,59,73,-14,Lanphere,2A
Lanphere|girls,girls,45,70,-25,Lanphere,2A
Larchmont Ridge|boys,boys,40,50,-10,Larchmont Ridge,8A
Larchmont Ridge|girls,girls,15,57,-42,Larchmont Ridge,8A
Lars Bellini|boys,boys,45,49,-4,Bernal Heights,9A
Lars Bellini|girls,girls,44,46,-2,Bernal Heights,9A
Lars Mercier|boys,boys,31,64,-33,Shasta Agricultural,9A
Lars Mercier|girls,girls,77,85,-8,Shasta Agricultural,9A
Las Norias|boys,boys,51,33,18,Las Norias,4A
Las Norias|girls,girls,49,57,-8,Las Norias,4A
Las Palmas North|boys,boys,24,14,10,Natchitoches,8A
Las Palmas North|girls,girls,7,3,4,Natchitoches,8A
Las Palmas|boys,boys,44,55,-11,Tuscaloosa,8A
Las Palmas|girls,girls,51,40,11,Tuscaloosa,8A
Latgaway|boys,boys,49,17,32,Latgaway,Group 3
Latgaway|girls,girls,35,14,21,Latgaway,Group 3
Leidesdorff Academy of Music and Media|boys,boys,62,67,-5,East Burlington,5A
Leidesdorff Academy of Music and Media|girls,girls,81,85,-4,East Burlington,5A
Leidesdorff|boys,boys,51,19,32,Leidesdorff,3A
Leidesdorff|girls,girls,32,18,14,Leidesdorff,3A
Leire Aramburu|boys,boys,27,10,17,Furnace Creek,Group 1
Leire Aramburu|girls,girls,19,25,-6,Furnace Creek,Group 1
Leire Garmendia|boys,boys,64,67,-3,Potrero Hill,9A
Leire Garmendia|girls,girls,86,74,12,Potrero Hill,9A
Lena Talltree|boys,boys,9,33,-24,Dogpatch,8A
Lena Talltree|girls,girls,10,13,-3,Dogpatch,8A
Leonard Coleman|boys,boys,56,44,12,Coleman,8A
Leonard Coleman|girls,girls,31,21,10,Coleman,8A
Lev Volkov|boys,boys,24,42,-18,Sherwood Estates,4A
Lev Volkov|girls,girls,52,52,0,Sherwood Estates,4A
Lev Voronin|boys,boys,26,2,24,Cole Valley,Group 1
Lev Voronin|girls,girls,56,19,37,Cole Valley,Group 1
Levee Bluff|boys,boys,15,19,-4,Levee Bluff,1A
Levee Bluff|girls,girls,13,13,0,Levee Bluff,1A
Lillian Price|boys,boys,42,81,-39,North Coast,8A
Lillian Price|girls,girls,45,76,-31,North Coast,8A
Lillian Stokes|boys,boys,38,77,-39,Franklin,8A
Lillian Stokes|girls,girls,55,72,-17,Franklin,8A
Llerena East|boys,boys,38,79,-41,Juniper Well,5A
Llerena East|girls,girls,63,77,-14,Juniper Well,5A
Llerena|boys,boys,51,44,7,Llerena,6A
Llerena|girls,girls,55,44,11,Llerena,6A
Lodestone County High|boys,boys,19,15,4,Lodestone County,Group 2
Lodestone County High|girls,girls,11,12,-1,Lodestone County,Group 2
Lodestone|boys,boys,51,51,0,Lodestone,Group 3
Lodestone|girls,girls,64,51,13,Lodestone,Group 3
Lonepine Canyon|boys,boys,59,32,27,Lonepine Canyon,4A
Lonepine Canyon|girls,girls,65,36,29,Lonepine Canyon,4A
Loomis City North|boys,boys,17,32,-15,Charlotte,9A
Loomis City North|girls,girls,28,34,-6,Charlotte,9A
Loomis City|boys,boys,56,75,-19,Loomis City,5A
Loomis City|girls,girls,83,54,29,Loomis City,5A
Lorna Booker|boys,boys,18,64,-46,Blue Grama,6A
Lorna Booker|girls,girls,7,69,-62,Blue Grama,6A
Lorraine Calder|boys,boys,21,19,2,Morne Rouge,7A
Lorraine Calder|girls,girls,28,13,15,Morne Rouge,7A
Los Maderos|girls,girls,4,45,-41,Los Maderos,2A
Los Remolinos Mission Bay|boys,boys,32,46,-14,Estuary Bay,2A
Los Remolinos Mission Bay|girls,girls,62,39,23,Estuary Bay,2A
Los Remolinos|boys,boys,5,7,-2,Los Remolinos,1A
Los Remolinos|girls,girls,9,5,4,Los Remolinos,1A
Los Robles|boys,boys,17,48,-31,Los Robles,7A
Los Robles|girls,girls,48,51,-3,Los Robles,7A
Lower Lake High|boys,boys,36,18,18,Lower Lake,8A
Lower Lake High|girls,girls,9,9,0,Lower Lake,8A
Lucía Quiñones|boys,boys,35,36,-1,Edgewater,4A
Lucía Quiñones|girls,girls,53,23,30,Edgewater,4A
Lucía Villaseñor|boys,boys,8,42,-34,Glen Park,6A
Lucía Villaseñor|girls,girls,4,52,-48,Glen Park,6A
Lyle High|boys,boys,57,18,39,Lyle,1A
Lyle High|girls,girls,39,21,18,Lyle,1A
Mabry Township|boys,boys,20,32,-12,Mabry Township,Group 3
Mabry Township|girls,girls,14,12,2,Mabry Township,Group 3
Mabryville|boys,boys,7,22,-15,Virginia City,Group 3
Mabryville|girls,girls,4,15,-11,Virginia City,Group 3
Madison|boys,boys,28,5,23,Governor Woods,2A
Madison|girls,girls,22,5,17,Governor Woods,2A
Madrigal Maritime Academy|boys,boys,33,54,-21,Maritime,6A
Madrigal Maritime Academy|girls,girls,71,55,16,Maritime,6A
Madrigal West Bench|boys,boys,66,36,30,Benchlands,5A
Madrigal West Bench|girls,girls,62,40,22,Benchlands,5A
Madrigal|boys,boys,60,38,22,Madrigal,8A
Madrigal|girls,girls,30,48,-18,Madrigal,8A
Mae Jemison|boys,boys,59,70,-11,Jemison,Group 1
Mae Jemison|girls,girls,68,62,6,Jemison,Group 1
Maksim Karev|boys,boys,65,59,6,Excelsior,4A
Maksim Karev|girls,girls,69,56,13,Excelsior,4A
Malad County Christian|boys,boys,14,11,3,Sixmile,Group 3
Malad County Christian|girls,girls,16,19,-3,Sixmile,Group 3
Manuel Cordero|boys,boys,8,5,3,Sotomayor,4A
Manuel Cordero|girls,girls,15,7,8,Sotomayor,4A
Manuel Robles|boys,boys,10,7,3,Asteroid City,8A
Manuel Robles|girls,girls,17,12,5,Asteroid City,8A
Manzanita Junction|boys,boys,26,16,10,Manzanita Junction,1A
Manzanita Junction|girls,girls,28,22,6,Manzanita Junction,1A
Manzanita Ridge|boys,boys,29,17,12,Manzanita,6A
Manzanita Ridge|girls,girls,17,16,1,Manzanita,6A
Marcus Langston North|boys,boys,29,36,-7,Garfield,3A
Marcus Langston North|girls,girls,12,31,-19,Garfield,3A
Marcus Langston|boys,boys,6,13,-7,Hayes,6A
Marcus Langston|girls,girls,12,1,11,Hayes,6A
Marcus Mercer|boys,boys,34,22,12,Evenfall,6A
Marcus Mercer|girls,girls,31,45,-14,Evenfall,6A
Marcus Price North|boys,boys,52,4,48,Driftwood,4A
Marcus Price North|girls,girls,22,8,14,Driftwood,4A
Marian Browne|boys,boys,18,8,10,Riverview,Group 3
Marian Browne|girls,girls,7,10,-3,Riverview,Group 3
Marian Cross|boys,boys,34,41,-7,Quail Hollow,Group 1
Marian Cross|girls,girls,29,16,13,Quail Hollow,Group 1
Marina Moroz North|boys,boys,14,26,-12,B. Harrison,7A
Marina Moroz North|girls,girls,42,30,12,B. Harrison,7A
Marina Moroz|boys,boys,10,49,-39,Cleveland,6A
Marina Moroz|girls,girls,19,64,-45,Cleveland,6A
Marlow County|boys,boys,32,56,-24,Marlow County,1A
Marlow County|girls,girls,50,68,-18,Marlow County,1A
Marsh Depot|boys,boys,58,85,-27,Jersey City,9A
Marsh Depot|girls,girls,11,79,-68,Jersey City,9A
Marshdale|boys,boys,21,28,-7,Fort Lassiter,Group 3
Marshdale|girls,girls,24,31,-7,Fort Lassiter,Group 3
Martin Luther|boys,boys,63,67,-4,King,1A
Martin Luther|girls,girls,74,56,18,King,1A
Matteo Dahl|boys,boys,26,24,2,Bywater,7A
Matteo Dahl|girls,girls,14,26,-12,Bywater,7A
McCrory|boys,boys,75,82,-7,McCrory,1A
McCrory|girls,girls,83,84,-1,McCrory,1A
McLoughlin High|boys,boys,63,48,15,McLoughlin,2A
McLoughlin High|girls,girls,70,60,10,McLoughlin,2A
Mercer City Technical Arts Academy|boys,boys,41,47,-6,Twin Mills,9A
Mercer City Technical Arts Academy|girls,girls,48,50,-2,Twin Mills,9A
Mercer City|boys,boys,58,53,5,Mercer City,7A
Mercer City|girls,girls,68,48,20,Mercer City,7A
Mercy Academy|boys,boys,39,62,-23,Natchez Mercy,Group 3
Mercy Academy|girls,girls,58,48,10,Natchez Mercy,Group 3
Meridian Regional|boys,boys,6,9,-3,Meridian Regional,2A
Meridian Regional|girls,girls,18,3,15,Meridian Regional,2A
Meridia|girls,girls,53,37,16,Meridia,Group 3
Mesa Dorada|boys,boys,69,72,-3,Mesa Dorada,8A
Mesa Dorada|girls,girls,64,79,-15,Mesa Dorada,8A
Metropolitan Country Day School|girls,girls,61,1,60,Metropolitan Country Day,5A
Mikel Echevarria|boys,boys,69,73,-4,Fir Valley,Group 1
Mikel Echevarria|girls,girls,72,73,-1,Fir Valley,Group 1
Mikel Garmendia|boys,boys,28,21,7,Homeland,Group 2
Mikel Garmendia|girls,girls,12,4,8,Homeland,Group 2
Mikel Zubieta|boys,boys,11,44,-33,South Rim,2A
Mikel Zubieta|girls,girls,29,28,1,South Rim,2A
Mikhail Sidorov|boys,boys,46,61,-15,Cap Rouge,6A
Mikhail Sidorov|girls,girls,45,70,-25,Cap Rouge,6A
Mila Chernov North|boys,boys,63,56,7,Siberia,4A
Mila Chernov North|girls,girls,44,51,-7,Siberia,4A
Mila Melnick|boys,boys,25,44,-19,Sea Cliff,5A
Mila Melnick|girls,girls,22,46,-24,Sea Cliff,5A
Mill Creek|boys,boys,42,35,7,Mill Creek,3A
Mill Creek|girls,girls,33,22,11,Mill Creek,3A
Milldale Union|boys,boys,3,60,-57,Sotkamo Union,Group 3
Milldale Union|girls,girls,3,69,-66,Sotkamo Union,Group 3
Millport|boys,boys,10,11,-1,Vonjo City,Group 2
Millport|girls,girls,19,24,-5,Vonjo City,Group 2
Millview|boys,boys,6,18,-12,Kuusamo,Group 3
Millview|girls,girls,5,18,-13,Kuusamo,Group 3
Minnesota City|boys,boys,11,8,3,Minnesota City,8A
Minnesota City|girls,girls,8,1,7,Minnesota City,8A
Mirage Crossing|boys,boys,2,14,-12,Mirage Crossing,Group 3
Mirage Crossing|girls,girls,1,5,-4,Mirage Crossing,Group 3
Miren Garmendia|boys,boys,47,58,-11,Ibarra,Group 2
Miren Garmendia|girls,girls,37,43,-6,Ibarra,Group 2
Mission Bay|boys,boys,39,55,-16,Mission Bay,9A
Mission Bay|girls,girls,79,64,15,Mission Bay,9A
Mission Ridge|boys,boys,38,28,10,Mission Ridge,2A
Mission Ridge|girls,girls,59,34,25,Mission Ridge,2A
Mission Terrace North|girls,girls,67,65,2,Ortega Terrace,7A
Mission Terrace|boys,boys,24,38,-14,Mission Terrace,7A
Mission Terrace|girls,girls,19,40,-21,Mission Terrace,7A
Money|boys,boys,21,52,-31,Money,Group 2
Money|girls,girls,45,60,-15,Money,Group 2
Monte Blanco|boys,boys,8,11,-3,Monte Blanco,3A
Monte Blanco|girls,girls,5,12,-7,Monte Blanco,3A
Montelago|boys,boys,27,30,-3,Montelago,8A
Montelago|girls,girls,39,41,-2,Montelago,8A
Moriarty|boys,boys,38,45,-7,Moriarty,6A
Moriarty|girls,girls,43,60,-17,Moriarty,6A
Mother Lode|boys,boys,62,67,-5,Siskiyou Valley,4A
Mother Lode|girls,girls,67,59,8,Siskiyou Valley,4A
Mount Horeb|boys,boys,38,46,-8,Mount Horeb,4A
Mount Horeb|girls,girls,37,48,-11,Mount Horeb,4A
Mountain Gate|boys,boys,44,33,11,Mountain Gate,3A
Mountain Gate|girls,girls,29,27,2,Mountain Gate,3A
Mountain View High|boys,boys,45,73,-28,Mountain View,8A
Mountain View High|girls,girls,49,80,-31,Mountain View,8A
Muskogee|boys,boys,63,49,14,Muskogee,Group 2
Muskogee|girls,girls,67,45,22,Muskogee,Group 2
Nadia Chernov North|boys,boys,63,70,-7,Roosevelt,8A
Nadia Chernov North|girls,girls,63,73,-10,Roosevelt,8A
Nadia Chernov|boys,boys,15,5,10,C. Coolidge,6A
Nadia Chernov|girls,girls,16,15,1,C. Coolidge,6A
Nadia Sidorov|boys,boys,45,48,-3,Ride,6A
Nadia Sidorov|girls,girls,41,51,-10,Ride,6A
Naomi Ellison|boys,boys,22,19,3,Starfield,6A
Naomi Ellison|girls,girls,24,11,13,Starfield,6A
Naomi Moss|boys,boys,76,61,15,Meyerland,5A
Naomi Moss|girls,girls,80,82,-2,Meyerland,5A
Naomi Price|boys,boys,54,61,-7,Crown Paper,Group 2
Naomi Price|girls,girls,54,61,-7,Crown Paper,Group 2
Naomi Ward|boys,boys,12,8,4,Golden State,6A
Naomi Ward|girls,girls,15,7,8,Golden State,6A
Nathaniel Cross North|boys,boys,17,18,-1,Miles Davis,5A
Nathaniel Cross North|girls,girls,55,32,23,Miles Davis,5A
Nathaniel Cross|boys,boys,5,6,-1,Veles Harbor,7A
Nathaniel Cross|girls,girls,9,3,6,Veles Harbor,7A
Nathaniel Ward|girls,girls,30,69,-39,Juniper Agricultural,7A
Navrang|boys,boys,55,57,-2,Navrang,6A
Navrang|girls,girls,70,57,13,Navrang,6A
Naylor City|boys,boys,57,64,-7,Naylor City,2A
Naylor City|girls,girls,75,57,18,Naylor City,2A
Naylors Landing|boys,boys,23,7,16,Naylors Landing,Group 3
Naylors Landing|girls,girls,17,17,0,Naylors Landing,Group 3
Nerea Urrutia|boys,boys,44,27,17,Blue Valley,Group 3
Nerea Urrutia|girls,girls,31,41,-10,Blue Valley,Group 3
Netherwood|boys,boys,13,1,12,Netherwood,2A
Netherwood|girls,girls,5,6,-1,Netherwood,2A
New Baltimore|boys,boys,58,63,-5,New Baltimore,Group 2
New Baltimore|girls,girls,66,62,4,New Baltimore,Group 2
New Hope Christian|boys,boys,45,39,6,New Hope Christian,1A
New Hope Christian|girls,girls,38,40,-2,New Hope Christian,1A
New Leiden Classical Academy|boys,boys,58,71,-13,Vermeer,3A
New Leiden Classical Academy|girls,girls,42,70,-28,Vermeer,3A
New Leiden|boys,boys,36,30,6,New Leiden,3A
New Leiden|girls,girls,20,16,4,New Leiden,3A
Newark River North|boys,boys,32,58,-26,River North,3A
Newark River North|girls,girls,41,59,-18,River North,3A
Newark River|boys,boys,36,35,1,Newark River,2A
Newark River|girls,girls,48,50,-2,Newark River,2A
Nicodemus|boys,boys,25,29,-4,Nicodemus,Group 3
Nicodemus|girls,girls,22,21,1,Nicodemus,Group 3
Nicolás Ordoñez|boys,boys,9,5,4,Rockridge,9A
Nicolás Ordoñez|girls,girls,3,2,1,Rockridge,9A
Nicolás Quiñones|boys,boys,33,19,14,Stonehaven,8A
Nicolás Quiñones|girls,girls,67,36,31,Stonehaven,8A
Nicolás Treviño|boys,boys,31,21,10,Valera,1A
Nicolás Treviño|girls,girls,19,18,1,Valera,1A
Nicolás Villalba|boys,boys,46,25,21,Temescal,8A
Nicolás Villalba|girls,girls,40,23,17,Temescal,8A
Nikolai Markov North|boys,boys,16,3,13,Marigny,6A
Nikolai Markov North|girls,girls,20,3,17,Marigny,6A
Nikolai Markov|boys,boys,10,14,-4,Christian Brothers,7A
Nikolai Markov|girls,girls,34,9,25,Christian Brothers,7A
Nikolai Orlov|boys,boys,16,13,3,Mater Dei,9A
Nikolai Orlov|girls,girls,18,16,2,Mater Dei,9A
Ninemile|boys,boys,38,63,-25,Ninemile,Group 3
Ninemile|girls,girls,20,70,-50,Ninemile,Group 3
Norbrook|boys,boys,67,67,0,Norbrook,3A
Norbrook|girls,girls,58,61,-3,Norbrook,3A
Norfolk Central|boys,boys,27,51,-24,Norfolk,Group 2
Norfolk Central|girls,girls,52,42,10,Norfolk,Group 2
Norstead|boys,boys,60,50,10,Norstead,Group 3
Norstead|girls,girls,66,43,23,Norstead,Group 3
North Antler Regional|boys,boys,53,27,26,North Antler Regional,2A
North Antler Regional|girls,girls,46,22,24,North Antler Regional,2A
North Fork|boys,boys,18,45,-27,Dry Fork,8A
North Fork|girls,girls,29,43,-14,Dry Fork,8A
North Valley Christian|boys,boys,54,45,9,Trailsend,3A
North Valley Christian|girls,girls,39,60,-21,Trailsend,3A
Northgate|boys,boys,49,41,8,Northgate,8A
Northgate|girls,girls,46,60,-14,Northgate,8A
Northrup I-50 Technical|boys,boys,48,34,14,Northrup Tech,Group 3
Northrup I-50 Technical|girls,girls,47,46,1,Northrup Tech,Group 3
Northside Christian North|boys,boys,7,3,4,Toussaint,Group 2
Northside Christian North|girls,girls,16,2,14,Toussaint,Group 2
Novak|boys,boys,33,25,8,Novak,3A
Novak|girls,girls,37,20,17,Novak,3A
Nyssa High|boys,boys,10,12,-2,Nyssa,2A
Nyssa High|girls,girls,12,19,-7,Nyssa,2A
Octavia Butler|boys,boys,84,72,12,Butler,9A
Octavia Butler|girls,girls,72,70,2,Butler,9A
Odellville|boys,boys,47,61,-14,Odellville,1A
Odellville|girls,girls,66,71,-5,Odellville,1A
Oksana Petrov|boys,boys,30,7,23,Oak Forest,Group 2
Oksana Petrov|girls,girls,32,14,18,Oak Forest,Group 2
Oksana Romanov|boys,boys,50,52,-2,Archbishop Gregory,8A
Oksana Romanov|girls,girls,36,67,-31,Archbishop Gregory,8A
Olive Head|boys,boys,4,11,-7,Olive Head,8A
Olive Head|girls,girls,43,26,17,Olive Head,8A
Olive Reach North|boys,boys,19,8,11,Buckeye Ridge,4A
Olive Reach North|girls,girls,21,10,11,Buckeye Ridge,4A
Olive Reach|boys,boys,40,23,17,Mendelssohn,5A
Olive Reach|girls,girls,11,18,-7,Mendelssohn,5A
Olivet County|boys,boys,58,21,37,Olivet County,8A
Olivet County|girls,girls,11,30,-19,Olivet County,8A
Olivet Regional|boys,boys,30,50,-20,Silva,3A
Olivet Regional|girls,girls,30,58,-28,Silva,3A
Ontario High|boys,boys,41,52,-11,Ontario,5A
Ontario High|girls,girls,52,28,24,Ontario,5A
Opal Avery North|boys,boys,2,4,-2,Bush,5A
Opal Avery North|girls,girls,3,3,0,Bush,5A
Opal Avery|boys,boys,27,41,-14,Ford,5A
Opal Avery|girls,girls,13,61,-48,Ford,5A
Opal Stokes|boys,boys,71,66,5,Dry Creek Co-op,5A
Opal Stokes|girls,girls,51,73,-22,Dry Creek Co-op,5A
Opal Tillman|boys,boys,18,20,-2,Granite,Group 1
Opal Tillman|girls,girls,20,34,-14,Granite,Group 1
Orchard Gate North|boys,boys,28,14,14,Bois Neuf,6A
Orchard Gate North|girls,girls,35,22,13,Bois Neuf,6A
Orchard Gate|boys,boys,56,27,29,Bellefontaine,7A
Orchard Gate|girls,girls,25,36,-11,Bellefontaine,7A
Orchard Hill|boys,boys,10,18,-8,West Valderra,9A
Orchard Hill|girls,girls,27,40,-13,West Valderra,9A
Orellana Canal View|boys,boys,11,15,-4,Canal View,9A
Orellana Canal View|girls,girls,7,4,3,Canal View,9A
Orellana Foundry High|boys,boys,4,64,-60,Grizzly Gulch,4A
Orellana Foundry High|girls,girls,4,60,-56,Grizzly Gulch,4A
Orellana School of Commerce|boys,boys,30,61,-31,Malpais,9A
Orellana School of Commerce|girls,girls,33,81,-48,Malpais,9A
Orellana Treasure Valley|boys,boys,55,80,-25,Treasure Valley,9A
Orellana Treasure Valley|girls,girls,61,65,-4,Treasure Valley,9A
Orellana|boys,boys,48,22,26,Orellana Central,8A
Orellana|girls,girls,13,35,-22,Orellana Central,8A
Orlova|boys,boys,47,15,32,Orlova,4A
Orlova|girls,girls,38,32,6,Orlova,4A
Oscar Michaeux|boys,boys,65,43,22,Michaeux,Group 3
Oscar Michaeux|girls,girls,65,55,10,Michaeux,Group 3
Oskar Bellini|boys,boys,4,7,-3,Notre Dame,9A
Oskar Bellini|girls,girls,2,5,-3,Notre Dame,9A
Oskar Weiss|boys,boys,66,71,-5,Waldo,8A
Oskar Weiss|girls,girls,68,61,7,Waldo,8A
Ostrander Union|boys,boys,11,8,3,Ostrander Union,3A
Ostrander Union|girls,girls,13,7,6,Ostrander Union,3A
Owl Canyon|boys,boys,50,47,3,Owl Canyon,3A
Owl Canyon|girls,girls,67,44,23,Owl Canyon,3A
Pacific Friends School|boys,boys,14,5,9,Pacific Friends,Group 2
Pacific Friends School|girls,girls,3,3,0,Pacific Friends,Group 2
Pacific Gate|boys,boys,2,4,-2,Pacific Gate,8A
Pacific Gate|girls,girls,2,2,0,Pacific Gate,8A
Paddock County|boys,boys,20,20,0,Paddock County,8A
Paddock County|girls,girls,33,16,17,Paddock County,8A
Paddock Institute|boys,boys,17,72,-55,Paddock Tech,2A
Paddock Institute|girls,girls,40,59,-19,Paddock Tech,2A
Parkside|boys,boys,12,15,-3,Parkside,7A
Parkside|girls,girls,47,24,23,Parkside,7A
Paul Robeson|boys,boys,32,33,-1,Robeson,Group 1
Paul Robeson|girls,girls,11,63,-52,Robeson,Group 1
Pauli Booker|boys,boys,54,50,4,Nightfall,6A
Pauli Booker|girls,girls,33,48,-15,Nightfall,6A
Pavel Kovalenko|boys,boys,74,75,-1,Coles Creek,Group 1
Pavel Kovalenko|girls,girls,74,71,3,Coles Creek,Group 1
Pear Slough|girls,girls,84,72,12,Pear Slough,5A
Pellburg|boys,boys,71,67,4,Pellburg,2A
Pellburg|girls,girls,65,67,-2,Pellburg,2A
Pellford|boys,boys,23,11,12,Pellford,1A
Pellford|girls,girls,37,30,7,Pellford,1A
Pendleton High|boys,boys,4,5,-1,Pendleton,5A
Pendleton High|girls,girls,26,6,20,Pendleton,5A
Peregrine School|boys,boys,6,40,-34,Peregrine,3A
Peregrine School|girls,girls,36,25,11,Peregrine,3A
Perryville Civic Leadership Academy|boys,boys,24,70,-46,Perry Green,5A
Perryville Civic Leadership Academy|girls,girls,33,81,-48,Perry Green,5A
Petersburg High|boys,boys,20,6,14,Brown,Group 2
Petersburg High|girls,girls,21,16,5,Brown,Group 2
Petra Bianchi|boys,boys,41,53,-12,Perryville,6A
Petra Bianchi|girls,girls,61,67,-6,Perryville,6A
Petra Jansen|boys,boys,7,25,-18,Southern Pacific Tech,9A
Petra Jansen|girls,girls,36,24,12,Southern Pacific Tech,9A
Petra Weiss North|boys,boys,37,29,8,Las Colinas,4A
Petra Weiss North|girls,girls,13,39,-26,Las Colinas,4A
Pierre|boys,boys,24,16,8,Pierre,Group 2
Pierre|girls,girls,38,18,20,Pierre,Group 2
Pilot Rock High|boys,boys,73,51,22,Pilot Rock,1A
Pilot Rock High|girls,girls,52,34,18,Pilot Rock,1A
Pine Eagle High|boys,boys,44,15,29,Pine Eagle,2A
Pine Eagle High|girls,girls,3,11,-8,Pine Eagle,2A
Pine Siding|boys,boys,53,32,21,Pine,1A
Pine Siding|girls,girls,81,73,8,Pine,1A
Pinecrest School|boys,boys,65,62,3,Pinecrest,3A
Pinecrest School|girls,girls,65,43,22,Pinecrest,3A
Plainfield Science|boys,boys,5,9,-4,Plainfield,8A
Plainfield Science|girls,girls,21,7,14,Plainfield,8A
Pomar|boys,boys,69,55,14,Pomar,3A
Pomar|girls,girls,66,62,4,Pomar,3A
Port Meridian Polytechnic|boys,boys,34,49,-15,Port Meridian North,2A
Port Meridian Polytechnic|girls,girls,9,36,-27,Port Meridian North,2A
Port Meridian South|boys,boys,16,58,-42,Port Meridian South,7A
Port Meridian South|girls,girls,15,70,-55,Port Meridian South,7A
Port Meridian West|boys,boys,1,2,-1,Port Meridian Central,9A
Port Meridian West|girls,girls,6,6,0,Port Meridian Central,9A
Port Veles Agricultural Sciences Academy|boys,boys,36,55,-19,Biden,5A
Port Veles Agricultural Sciences Academy|girls,girls,20,55,-35,Biden,5A
Port Veles Civic Academy|boys,boys,15,10,5,Henson Prep,7A
Port Veles Civic Academy|girls,girls,7,14,-7,Henson Prep,7A
Port Veles Civic Leadership Academy|boys,boys,20,24,-4,Severn,6A
Port Veles Civic Leadership Academy|girls,girls,11,10,1,Severn,6A
Port Veles East|boys,boys,35,8,27,Clinton,7A
Port Veles East|girls,girls,44,17,27,Clinton,7A
Port Veles Foundry High|boys,boys,17,5,12,Seawall,8A
Port Veles Foundry High|girls,girls,1,5,-4,Seawall,8A
Port Veles International Academy|boys,boys,12,6,6,Veles Park,3A
Port Veles International Academy|girls,girls,7,6,1,Veles Park,3A
Port Veles|boys,boys,52,37,15,Coltrane,5A
Port Veles|girls,girls,41,53,-12,Coltrane,5A
Porterfield|boys,boys,1,3,-2,Porterfield,2A
Porterfield|girls,girls,8,7,1,Porterfield,2A
Powder Valley High|boys,boys,58,51,7,Powder Valley,2A
Powder Valley High|girls,girls,43,48,-5,Powder Valley,2A
Presentation Academy|boys,boys,21,18,3,Garrow North,3A
Presentation Academy|girls,girls,34,36,-2,Garrow North,3A
Providence Academy North|boys,boys,1,2,-1,Minidoka,Group 2
Providence Academy North|girls,girls,4,6,-2,Minidoka,Group 2
Providence Academy Valley|boys,boys,4,24,-20,Meridian Valley,3A
Providence Academy Valley|girls,girls,28,23,5,Meridian Valley,3A
Providence Academy|boys,boys,32,6,26,Providence Academy,5A
Providence Academy|girls,girls,6,31,-25,Providence Academy,5A
Prune Siding|boys,boys,56,36,20,Prunedale,2A
Prune Siding|girls,girls,30,46,-16,Prunedale,2A
Prune Springs|boys,boys,25,48,-23,Prune Springs,4A
Prune Springs|girls,girls,55,44,11,Prune Springs,4A
Puerto Alma|boys,boys,21,6,15,Puerto Alma,2A
Puerto Alma|girls,girls,26,16,10,Puerto Alma,2A
Puerto Gallego School of Science and Industry|boys,boys,40,72,-32,Gallego Bay,3A
Puerto Gallego School of Science and Industry|girls,girls,45,71,-26,Gallego Bay,3A
Puerto Gallego|boys,boys,53,60,-7,Puerto Gallego,6A
Puerto Gallego|girls,girls,30,72,-42,Puerto Gallego,6A
Puerto de los Reyes School of Commerce|boys,boys,40,43,-3,Reyes Landing,7A
Puerto de los Reyes School of Commerce|girls,girls,41,52,-11,Reyes Landing,7A
Puerto de los Reyes|boys,boys,85,58,27,Puerto de los Reyes,8A
Puerto de los Reyes|girls,girls,75,64,11,Puerto de los Reyes,8A
Punta del Águila|boys,boys,71,73,-2,Punta del Águila,1A
Punta del Águila|girls,girls,71,36,35,Punta del Águila,1A
Purcell|boys,boys,69,78,-9,Purcell,9A
Purcell|girls,girls,32,84,-52,Purcell,9A
Quarmont|boys,boys,13,4,9,Quarmont,3A
Quarmont|girls,girls,17,3,14,Quarmont,3A
Quincy Union|boys,boys,52,33,19,Quincy,Group 3
Quincy Union|girls,girls,44,22,22,Quincy,Group 3
Rafael Escobedo|boys,boys,78,46,32,Bolton,8A
Rafael Escobedo|girls,girls,59,33,26,Bolton,8A
Raft County Catholic|boys,boys,31,5,26,Raft County Catholic,Group 3
Raft County Catholic|girls,girls,13,9,4,Raft County Catholic,Group 3
Ralph Bellamy|boys,boys,25,51,-26,Bellamy,7A
Ralph Bellamy|girls,girls,62,63,-1,Bellamy,7A
Ralph Booker|boys,boys,21,34,-13,Obama,6A
Ralph Booker|girls,girls,50,38,12,Obama,6A
Ransom City Union|boys,boys,67,63,4,Ransom Pass,1A
Ransom City Union|girls,girls,76,83,-7,Ransom Pass,1A
Ransom Spur|boys,boys,51,71,-20,Río Seco,2A
Ransom Spur|girls,girls,51,75,-24,Río Seco,2A
Ransoms Landing|boys,boys,40,46,-6,Ransoms Landing,1A
Ransoms Landing|girls,girls,15,6,9,Ransoms Landing,1A
Redfork West|boys,boys,39,30,9,Redfork West,6A
Redfork West|girls,girls,65,17,48,Redfork West,6A
Redwood Coast|boys,boys,60,52,8,Bienville,9A
Redwood Coast|girls,girls,39,45,-6,Bienville,9A
Redwood Glen|boys,boys,62,20,42,Redwood Glen,1A
Redwood Glen|girls,girls,53,35,18,Redwood Glen,1A
Renata Adler|boys,boys,46,30,16,Bracken,4A
Renata Adler|girls,girls,50,34,16,Bracken,4A
Rentie Grove|girls,girls,62,54,8,Jamaica,1A
Richmond Technical|girls,girls,58,65,-7,Richmond,Group 2
Rilland|boys,boys,62,23,39,Rilland,Group 3
Rilland|girls,girls,60,26,34,Rilland,Group 3
Rimrock Valley|girls,girls,71,64,7,New Ballard,2A
Rimrock|girls,girls,19,8,11,Rimrock,Group 3
Rio San Juan|boys,boys,19,5,14,Rio San Juan,Group 1
Rio San Juan|girls,girls,14,8,6,Rio San Juan,Group 1
Rita Moreno North|boys,boys,47,59,-12,Gentilly,6A
Rita Moreno North|girls,girls,40,63,-23,Gentilly,6A
Rita Moreno|boys,boys,13,18,-5,Moreno,6A
Rita Moreno|girls,girls,48,14,34,Moreno,6A
River Plain|boys,boys,15,16,-1,Kinnickinny,9A
River Plain|girls,girls,5,28,-23,Kinnickinny,9A
Riverside High|boys,boys,48,30,18,Riverside,5A
Riverside High|girls,girls,40,25,15,Riverside,5A
Rock Springs High|boys,boys,25,17,8,Rock Springs,Group 1
Rock Springs High|girls,girls,27,31,-4,Rock Springs,Group 1
Romare Bearden|boys,boys,40,38,2,Romare Bearden,Group 1
Romare Bearden|girls,girls,15,24,-9,Romare Bearden,Group 1
Romero-Finniski|boys,boys,1,4,-3,Romero-Finniski,7A
Romero-Finniski|girls,girls,3,4,-1,Romero-Finniski,7A
Rosa Castañeda|boys,boys,80,81,-1,Tippecanoe,9A
Rosa Castañeda|girls,girls,76,82,-6,Tippecanoe,9A
Rosa Salcedo|boys,boys,76,62,14,Quarry Workers,8A
Rosa Salcedo|girls,girls,41,39,2,Quarry Workers,8A
Roscoe Bennett North|boys,boys,47,46,1,Narragansett,7A
Roscoe Bennett North|girls,girls,53,43,10,Narragansett,7A
Rostova Junction Technical Arts Academy|boys,boys,23,19,4,Rostova Tech,Group 1
Rostova Junction Technical Arts Academy|girls,girls,49,26,23,Rostova Tech,Group 1
Rostova Junction|boys,boys,2,31,-29,Rostova Junction,Group 2
Rostova Junction|girls,girls,18,21,-3,Rostova Junction,Group 2
Ruby County Catholic|boys,boys,44,30,14,Carlin,Group 2
Ruby County Catholic|girls,girls,31,30,1,Carlin,Group 2
Ruby Stokes North|boys,boys,23,37,-14,Forks Harbor,8A
Ruby Stokes North|girls,girls,50,46,4,Forks Harbor,8A
Ruby Stokes|boys,boys,51,45,6,Klamath,7A
Ruby Stokes|girls,girls,70,44,26,Klamath,7A
Rye Academy of Arts and Letters|boys,boys,65,45,20,Barley Point,5A
Rye Academy of Arts and Letters|girls,girls,78,37,41,Barley Point,5A
Rye|boys,boys,75,73,2,Rye,5A
Rye|girls,girls,74,84,-10,Rye,5A
Ryken|boys,boys,31,53,-22,Ryken,4A
Ryken|girls,girls,36,38,-2,Ryken,4A
Sadie Freeman|boys,boys,22,11,11,High Desert Co-op,Group 1
Sadie Freeman|girls,girls,21,17,4,High Desert Co-op,Group 1
Sage Lake|boys,boys,33,55,-22,Sage Village,Group 3
Sage Lake|girls,girls,6,32,-26,Sage Village,Group 3
Sage Meadows|boys,boys,4,2,2,Galactica Plains,Group 3
Sage Meadows|girls,girls,21,3,18,Galactica Plains,Group 3
Sage Point|boys,boys,9,1,8,California Canyons,3A
Sage Point|girls,girls,2,2,0,California Canyons,3A
Saint Francis|boys,boys,67,38,29,Kingsley,5A
Saint Francis|girls,girls,44,45,-1,Kingsley,5A
Saltbush Reach|boys,boys,22,3,19,Saltbush,Group 3
Saltbush Reach|girls,girls,26,2,24,Saltbush,Group 3
Salvador Figueroa|boys,boys,81,75,6,Vesper,1A
Salvador Figueroa|girls,girls,85,77,8,Vesper,1A
San Aurelio|boys,boys,10,17,-7,San Aurelio,1A
San Aurelio|girls,girls,11,20,-9,San Aurelio,1A
San Borondón Civic Academy|girls,girls,39,29,10,Rumsfeld Hill,7A
San Borondón Country Day School|boys,boys,31,13,18,Hazel Country Day,5A
San Borondón Country Day School|girls,girls,8,8,0,Hazel Country Day,5A
San Borondón East|boys,boys,23,17,6,Borondón Mesa,4A
San Borondón East|girls,girls,10,17,-7,Borondón Mesa,4A
San Borondón Environmental Sciences Academy|boys,boys,26,35,-9,Sotavento,8A
San Borondón Environmental Sciences Academy|girls,girls,48,27,21,Sotavento,8A
San Borondón|boys,boys,16,28,-12,San Borondón,5A
San Borondón|girls,girls,70,34,36,San Borondón,5A
San Cordero East|boys,boys,27,62,-35,Cordero Junction,6A
San Cordero East|girls,girls,59,42,17,Cordero Junction,6A
San Cordero Maritime Academy|boys,boys,36,51,-15,Mission Butte,6A
San Cordero Maritime Academy|girls,girls,32,36,-4,Mission Butte,6A
San Cordero School of Commerce|boys,boys,36,51,-15,Mesa Verde,9A
San Cordero School of Commerce|girls,girls,66,69,-3,Mesa Verde,9A
San Cordero|boys,boys,58,66,-8,San Cordero Central,4A
San Cordero|girls,girls,64,66,-2,San Cordero Central,4A
San Dámaso Harbor Gate|boys,boys,36,20,16,J. Jackson,4A
San Dámaso Harbor Gate|girls,girls,63,63,0,J. Jackson,4A
San Dámaso|girls,girls,39,18,21,San Dámaso,6A
San Lorenzo|boys,boys,2,2,0,San Lorenzo,3A
San Lorenzo|girls,girls,4,1,3,San Lorenzo,3A
San Telmo Agricultural Sciences Academy|boys,boys,20,5,15,Orchard Union,7A
San Telmo Agricultural Sciences Academy|girls,girls,6,12,-6,Orchard Union,7A
San Telmo|boys,boys,44,41,3,San Telmo,6A
San Telmo|girls,girls,56,40,16,San Telmo,6A
San Tomás|boys,boys,34,17,17,San Tomás,9A
San Tomás|girls,girls,38,36,2,San Tomás,9A
San Vito Regional|boys,boys,64,37,27,San Vito Regional,Group 2
San Vito Regional|girls,girls,34,41,-7,San Vito Regional,Group 2
Sandhill Marsh|boys,boys,14,14,0,Sandhill Marsh,5A
Sandhill Marsh|girls,girls,10,30,-20,Sandhill Marsh,5A
Santa Cruz del Norte|boys,boys,19,25,-6,Santa Cruz del Norte,7A
Santa Cruz del Norte|girls,girls,17,16,1,Santa Cruz del Norte,7A
Santa Laura North|boys,boys,45,62,-17,Janeaway,4A
Santa Laura North|girls,girls,56,65,-9,Janeaway,4A
Santa Laura|boys,boys,47,34,13,Santa Laura,9A
Santa Laura|girls,girls,81,31,50,Santa Laura,9A
Santa Michaela Harbor Gate|boys,boys,19,2,17,Tidegate,8A
Santa Michaela Harbor Gate|girls,girls,19,29,-10,Tidegate,8A
Santa Michaela|boys,boys,65,43,22,Santa Michaela,9A
Santa Michaela|girls,girls,50,58,-8,Santa Michaela,9A
Scheelite County|boys,boys,36,48,-12,Scheelite County,Group 2
Scheelite County|girls,girls,62,52,10,Scheelite County,Group 2
Seafarer High|boys,boys,22,75,-53,Seafarer,9A
Seafarer High|girls,girls,64,76,-12,Seafarer,9A
Selbyville|boys,boys,31,23,8,Selbyville,7A
Selbyville|girls,girls,22,19,3,Selbyville,7A
Sergei Belov|boys,boys,72,57,15,Shabazz,8A
Sergei Belov|girls,girls,80,74,6,Shabazz,8A
Serra Caverly|boys,boys,69,10,59,Portola-Caverly,1A
Serra Caverly|girls,girls,4,12,-8,Portola-Caverly,1A
Serrano Applied Sciences Institute|boys,boys,73,69,4,Arroyo Seco,9A
Serrano Applied Sciences Institute|girls,girls,75,54,21,Arroyo Seco,9A
Serrano Depot High|boys,boys,72,50,22,Cholla Flats,5A
Serrano Depot High|girls,girls,79,69,10,Cholla Flats,5A
Serrano|boys,boys,35,20,15,Serrano,5A
Serrano|girls,girls,43,22,21,Serrano,5A
Sherman High|boys,boys,52,54,-2,Sherman,2A
Sherman High|girls,girls,31,72,-41,Sherman,2A
Shiloh|boys,boys,64,27,37,Shiloh,3A
Shiloh|girls,girls,27,24,3,Shiloh,3A
Shirley Chisholm|boys,boys,75,78,-3,Chisholm,8A
Shirley Chisholm|girls,girls,79,75,4,Chisholm,8A
Silton Union|boys,boys,34,6,28,Silton Ridge,1A
Silton Union|girls,girls,6,7,-1,Silton Ridge,1A
Silver Glen|boys,boys,61,44,17,Silver Glen,3A
Silver Glen|girls,girls,62,35,27,Silver Glen,3A
Silver Junction|boys,boys,56,37,19,Silver Junction,Group 3
Silver Junction|girls,girls,70,54,16,Silver Junction,Group 3
Silver Lake|boys,boys,15,21,-6,Silver Lake,Group 3
Silver Lake|girls,girls,15,45,-30,Silver Lake,Group 3
Sisters of Mercy|boys,boys,74,42,32,Websterfield,5A
Sisters of Mercy|girls,girls,30,57,-27,Websterfield,5A
Sixes|boys,boys,47,61,-14,Sixes,Group 3
Sixes|girls,girls,67,44,23,Sixes,Group 3
Sluice Crossing|boys,boys,52,60,-8,Crossing,7A
Sluice Crossing|girls,girls,54,61,-7,Crossing,7A
Sluice Valley|boys,boys,35,53,-18,Sluice Valley,Group 2
Sluice Valley|girls,girls,33,37,-4,Sluice Valley,Group 2
Snowline|boys,boys,70,24,46,Snowline,9A
Snowline|girls,girls,26,29,-3,Snowline,9A
Sofia Romanov North|boys,boys,55,26,29,Cheney,5A
Sofia Romanov North|girls,girls,54,14,40,Cheney,5A
Sofia Romanov|boys,boys,70,84,-14,Chesapeake,8A
Sofia Romanov|girls,girls,62,78,-16,Chesapeake,8A
Sofía Aranda|boys,boys,29,10,19,Montclair,8A
Sofía Aranda|girls,girls,27,15,12,Montclair,8A
Sofía Cordero|boys,boys,50,63,-13,J.Q. Adams,5A
Sofía Cordero|girls,girls,46,67,-21,J.Q. Adams,5A
Soren Ekström|boys,boys,63,69,-6,Alderpoint,3A
Soren Ekström|girls,girls,60,69,-9,Alderpoint,3A
South Wheeler|boys,boys,53,55,-2,South Wheeler,Group 1
South Wheeler|girls,girls,47,49,-2,South Wheeler,Group 1
Southern Jefferson Christian|boys,boys,28,30,-2,Uplands,Group 3
Southern Jefferson Christian|girls,girls,43,33,10,Uplands,Group 3
Southridge Christian|boys,boys,19,3,16,Southridge Christian,9A
Southridge Christian|girls,girls,16,3,13,Southridge Christian,9A
Spring Harvest|boys,boys,4,12,-8,Spring Harvest,Group 2
Spring Harvest|girls,girls,25,13,12,Spring Harvest,Group 2
St. Agnes Academy|boys,boys,50,61,-11,Jacmel,7A
St. Agnes Academy|girls,girls,66,62,4,Jacmel,7A
St. Agnes Preparatory|girls,girls,3,6,-3,Montelago West,4A
St. Basil Academy|boys,boys,47,16,31,Cahokia Mounds,5A
St. Basil Academy|girls,girls,38,15,23,Cahokia Mounds,5A
St. Basil School|girls,girls,14,34,-20,St. Ignatius,6A
St. Brigid Preparatory|boys,boys,65,68,-3,Kingston,Group 1
St. Brigid Preparatory|girls,girls,66,70,-4,Kingston,Group 1
St. Brigid School|boys,boys,15,32,-17,Kuopio,Group 2
St. Brigid School|girls,girls,10,25,-15,Kuopio,Group 2
St. Casimir High School North|boys,boys,55,42,13,Casimir Creek,Group 3
St. Casimir High School North|girls,girls,69,40,29,Casimir Creek,Group 3
St. Casimir High School|girls,girls,43,50,-7,Harriman Lyceum,Group 2
St. Casimir Preparatory|boys,boys,53,57,-4,Brightwater,5A
St. Casimir Preparatory|girls,girls,56,56,0,Brightwater,5A
St. Catherine College Prep|boys,boys,56,43,13,Lizarra,Group 2
St. Catherine College Prep|girls,girls,63,49,14,Lizarra,Group 2
St. Cecilia Academy|boys,boys,44,69,-25,Quartzburg,1A
St. Cecilia Academy|girls,girls,65,64,1,Quartzburg,1A
St. Dominic Academy|boys,boys,6,13,-7,Wildrye,Group 2
St. Dominic Academy|girls,girls,2,11,-9,Wildrye,Group 2
St. Elian|boys,boys,48,74,-26,Kimberly,2A
St. Elian|girls,girls,72,77,-5,Kimberly,2A
St. Elias Academy|boys,boys,49,53,-4,Port Ainsley,3A
St. Elias Academy|girls,girls,49,63,-14,Port Ainsley,3A
St. Elias College Prep|boys,boys,53,57,-4,Aranaz,Group 2
St. Elias College Prep|girls,girls,55,66,-11,Aranaz,Group 2
St. Elias School|boys,boys,40,58,-18,Tidewater,6A
St. Elias School|girls,girls,52,46,6,Tidewater,6A
St. Francis Xavier College Prep|boys,boys,62,58,4,South Pomar,2A
St. Francis Xavier College Prep|girls,girls,56,41,15,South Pomar,2A
St. Francis Xavier Preparatory|boys,boys,17,59,-42,Clarendon,Group 2
St. Francis Xavier Preparatory|girls,girls,40,59,-19,Clarendon,Group 2
St. Gabriel Preparatory|boys,boys,68,71,-3,Orchardgate,1A
St. Gabriel Preparatory|girls,girls,45,59,-14,Orchardgate,1A
St. Genevieve High School|boys,boys,21,77,-56,Bravewoman,1A
St. Genevieve High School|girls,girls,16,52,-36,Bravewoman,1A
St. Genevieve|boys,boys,43,36,7,Whitegrass,1A
St. Genevieve|girls,girls,64,80,-16,Whitegrass,1A
St. Helena Academy|boys,boys,14,19,-5,Helena Academy,4A
St. Helena Academy|girls,girls,23,22,1,Helena Academy,4A
St. Helena College Prep|boys,boys,38,41,-3,Swiss Hills Prep,7A
St. Helena College Prep|girls,girls,12,41,-29,Swiss Hills Prep,7A
St. Helena School|boys,boys,43,63,-20,Saltmarsh,3A
St. Helena School|girls,girls,59,57,2,Saltmarsh,3A
St. Isidore|boys,boys,68,25,43,North Averill,5A
St. Isidore|girls,girls,29,33,-4,North Averill,5A
St. Jerome Academy|boys,boys,65,44,21,Isla Verde,1A
St. Jerome Academy|girls,girls,36,42,-6,Isla Verde,1A
St. Lucy|boys,boys,23,10,13,Tallgrass,3A
St. Lucy|girls,girls,38,33,5,Tallgrass,3A
St. Martin Preparatory|boys,boys,43,33,10,Greaves West,Group 2
St. Martin Preparatory|girls,girls,65,36,29,Greaves West,Group 2
St. Michael Academy North|boys,boys,73,43,30,Green Valley,Group 1
St. Michael Academy North|girls,girls,61,23,38,Green Valley,Group 1
St. Michael Academy|boys,boys,12,42,-30,Harriman East,Group 2
St. Michael Academy|girls,girls,15,35,-20,Harriman East,Group 2
St. Nicholas College Prep|boys,boys,23,35,-12,Natchez Prep,6A
St. Nicholas College Prep|girls,girls,60,28,32,Natchez Prep,6A
St. Olga College Prep|boys,boys,46,46,0,Mercer Latin,5A
St. Olga College Prep|girls,girls,21,75,-54,Mercer Latin,5A
St. Perpetua Preparatory|boys,boys,20,25,-5,St. Josephine Bakhita,1A
St. Perpetua Preparatory|girls,girls,32,75,-43,St. Josephine Bakhita,1A
St. Perpetua|boys,boys,7,6,1,Farview,6A
St. Perpetua|girls,girls,9,8,1,Farview,6A
St. Raphael College Prep|girls,girls,29,57,-28,Elk Bluff West,Group 3
St. Sebastian Prep North|boys,boys,21,12,9,Sherwood Bench,8A
St. Sebastian Prep North|girls,girls,38,14,24,Sherwood Bench,8A
St. Sebastian Prep|boys,boys,41,39,2,St. Sebastian Prep,3A
St. Sebastian Prep|girls,girls,50,47,3,St. Sebastian Prep,3A
St. Sophia Preparatory|boys,boys,8,6,2,Marshfield Prep,8A
St. Sophia Preparatory|girls,girls,4,11,-7,Marshfield Prep,8A
St. Sophia School|boys,boys,71,59,12,North Wind,3A
St. Sophia School|girls,girls,68,55,13,North Wind,3A
St. Teresa High School|boys,boys,64,45,19,St. Teresa,Group 1
St. Teresa High School|girls,girls,44,11,33,St. Teresa,Group 1
St. Varian|boys,boys,26,39,-13,Hurston,6A
St. Varian|girls,girls,22,25,-3,Hurston,6A
St. Veronica|boys,boys,60,70,-10,Yarrowfield,3A
St. Veronica|girls,girls,53,64,-11,Yarrowfield,3A
St. Vincent School|boys,boys,50,47,3,St. Vincent,6A
St. Vincent School|girls,girls,66,68,-2,St. Vincent,6A
Stagewater County High|boys,boys,32,20,12,Wong,Group 2
Stagewater County High|girls,girls,50,33,17,Wong,Group 2
Standale|boys,boys,19,13,6,Lieksa,Group 3
Standale|girls,girls,30,16,14,Lieksa,Group 3
Stanfield High|boys,boys,77,81,-4,Stanfield,1A
Stanfield High|girls,girls,82,76,6,Stanfield,1A
Star Valley Catholic|boys,boys,39,18,21,Star Valley Catholic,Group 2
Star Valley Catholic|girls,girls,29,29,0,Star Valley Catholic,Group 2
Star Valley Regional|boys,boys,8,1,7,Star Valley Regional,Group 2
Star Valley Regional|girls,girls,1,1,0,Star Valley Regional,Group 2
Starlake Canal View|boys,boys,50,35,15,North Starlake,Group 3
Starlake Canal View|girls,girls,56,27,29,North Starlake,Group 3
Starlake|boys,boys,37,44,-7,Starlake,Group 3
Starlake|girls,girls,36,42,-6,Starlake,Group 3
Starlight School of Science and Industry|boys,boys,60,59,1,Observatory,7A
Starlight School of Science and Industry|girls,girls,69,67,2,Observatory,7A
Starlight|boys,boys,32,22,10,Starlight,7A
Starlight|girls,girls,23,22,1,Starlight,7A
Steelbridge|boys,boys,44,22,22,Forge,4A
Steelbridge|girls,girls,35,27,8,Forge,4A
Steelhead Divide|boys,boys,24,16,8,Steelhead Divide,3A
Steelhead Divide|girls,girls,19,34,-15,Steelhead Divide,3A
Stone Meadows|boys,boys,41,53,-12,Raahe,Group 3
Stone Meadows|girls,girls,45,36,9,Raahe,Group 3
Stone Springs|boys,boys,63,63,0,Simmons,Group 1
Stone Springs|girls,girls,67,67,0,Simmons,Group 1
Sulphur Springs|boys,boys,41,27,14,Sulphur Springs,4A
Sulphur Springs|girls,girls,20,19,1,Sulphur Springs,4A
Summervale Heights|boys,boys,29,29,0,Aspen Hollow,1A
Summervale Heights|girls,girls,40,38,2,Aspen Hollow,1A
Summervale Northwest|boys,boys,26,26,0,Star Hollow,3A
Summervale Northwest|girls,girls,15,13,2,Star Hollow,3A
Summervale|boys,boys,59,42,17,Summervale,3A
Summervale|girls,girls,63,50,13,Summervale,3A
Summit High|boys,boys,81,83,-2,Summit,8A
Summit High|girls,girls,81,45,36,Summit,8A
Sutter Basin|boys,boys,20,25,-5,Sutter Basin,2A
Sutter Basin|girls,girls,16,12,4,Sutter Basin,2A
Svenja Adler|boys,boys,54,68,-14,East Range Agricultural,5A
Svenja Adler|girls,girls,47,63,-16,East Range Agricultural,5A
Svenja Bianchi|boys,boys,20,23,-3,Tamarack,9A
Svenja Bianchi|girls,girls,13,25,-12,Tamarack,9A
Svenja Ekström|boys,boys,35,42,-7,Memorial,8A
Svenja Ekström|girls,girls,47,37,10,Memorial,8A
Tailing Crossing-Ewart Bar Union|boys,boys,5,8,-3,Fountain Park,2A
Tailing Crossing-Ewart Bar Union|girls,girls,10,17,-7,Fountain Park,2A
Tallow|boys,boys,74,60,14,Tallow,2A
Tallow|girls,girls,68,66,2,Tallow,2A
Tamarack Harbor|boys,boys,51,62,-11,Tamarack Harbor,9A
Tamarack Harbor|girls,girls,42,73,-31,Tamarack Harbor,9A
Tamarack Springs|boys,boys,29,19,10,Mineral Springs,2A
Tamarack Springs|girls,girls,42,38,4,Mineral Springs,2A
Tatiana Moroz North|boys,boys,77,75,2,Ironwood Flats,8A
Tatiana Moroz North|girls,girls,82,70,12,Ironwood Flats,8A
Telfair Country Day School|boys,boys,18,74,-56,Telfair Country Day,9A
Telfair Country Day School|girls,girls,14,63,-49,Telfair Country Day,9A
Telfair|boys,boys,20,12,8,Pacersburg,4A
Telfair|girls,girls,26,21,5,Pacersburg,4A
Teresa Escobedo|boys,boys,12,35,-23,Canyon,4A
Teresa Escobedo|girls,girls,42,58,-16,Canyon,4A
Terrace Park|boys,boys,2,1,1,Terrace Park,Group 1
Terrace Park|girls,girls,4,5,-1,Terrace Park,Group 1
The Dalles High|boys,boys,42,39,3,The Dalles,5A
The Dalles High|girls,girls,27,42,-15,The Dalles,5A
Thelma Avery|boys,boys,44,37,7,Readbury,9A
Thelma Avery|girls,girls,31,43,-12,Readbury,9A
Thelma Moss North|boys,boys,30,16,14,Serenity Valley,7A
Thelma Moss North|girls,girls,21,18,3,Serenity Valley,7A
Thelma Moss|boys,boys,19,51,-32,Roscoe Village,5A
Thelma Moss|girls,girls,42,36,6,Roscoe Village,5A
Thelma Stokes|girls,girls,38,33,5,Iron Gate,6A
Thomas Ekström|boys,boys,84,76,8,Lago Vista,8A
Thomas Ekström|girls,girls,77,77,0,Lago Vista,8A
Thomas Halvorsen|boys,boys,67,79,-12,Hollywood,8A
Thomas Halvorsen|girls,girls,37,83,-46,Hollywood,8A
Thomas Jansen North|boys,boys,60,34,26,Gershwin,5A
Thomas Jansen North|girls,girls,18,27,-9,Gershwin,5A
Thomas Jansen|boys,boys,13,12,1,Lone Pine,7A
Thomas Jansen|girls,girls,27,10,17,Lone Pine,7A
Thomas Moreau|boys,boys,55,59,-4,Elkhorn,2A
Thomas Moreau|girls,girls,76,63,13,Elkhorn,2A
Thornford|boys,boys,12,31,-19,Thorn Summit,1A
Thornford|girls,girls,30,32,-2,Thorn Summit,1A
Three Saints|boys,boys,26,25,1,Three Saints,4A
Three Saints|girls,girls,24,40,-16,Three Saints,4A
Thurgood Marshall North|boys,boys,48,20,28,Carrollton,6A
Thurgood Marshall North|girls,girls,25,39,-14,Carrollton,6A
Thurgood Marshall|boys,boys,28,45,-17,Marshall,9A
Thurgood Marshall|girls,girls,58,38,20,Marshall,9A
Timber Crest North|boys,boys,33,52,-19,Crestline,4A
Timber Crest North|girls,girls,43,46,-3,Crestline,4A
Timber Crest|boys,boys,53,66,-13,Timber Crest,3A
Timber Crest|girls,girls,56,48,8,Timber Crest,3A
Timberline North|boys,boys,31,35,-4,Allegheny,Group 2
Timberline North|girls,girls,42,34,8,Allegheny,Group 2
Timberline|boys,boys,37,55,-18,Timberline,Group 2
Timberline|girls,girls,57,63,-6,Timberline,Group 2
Tindall Heights|boys,boys,26,40,-14,Montpelier,5A
Tindall Heights|girls,girls,34,50,-16,Montpelier,5A
Tindall|boys,boys,22,17,5,Tindall,5A
Tindall|girls,girls,9,39,-30,Tindall,5A
Tomás Mendoza|boys,boys,43,59,-16,Fairgrounds,5A
Tomás Mendoza|girls,girls,77,51,26,Fairgrounds,5A
Topeka West|boys,boys,11,16,-5,Topeka,Group 3
Topeka West|girls,girls,11,23,-12,Topeka,Group 3
Treasure Valley North|boys,boys,57,62,-5,Petoskey,Group 2
Treasure Valley North|girls,girls,46,58,-12,Petoskey,Group 2
Treasure Valley|boys,boys,62,53,9,Caney,Group 1
Treasure Valley|girls,girls,62,32,30,Caney,Group 1
Trinity Catholic|boys,boys,68,56,12,Trinity Catholic,9A
Trinity Catholic|girls,girls,15,33,-18,Trinity Catholic,9A
Trinity Christian|boys,boys,49,52,-3,Stillwater,1A
Trinity Christian|girls,girls,69,60,9,Stillwater,1A
Trout Lake|boys,boys,48,43,5,Trout Lake,1A
Trout Lake|girls,girls,35,23,12,Trout Lake,1A
Trout Point|girls,girls,32,47,-15,North Simmons,Group 3
Tule Flat Lutheran|boys,boys,61,78,-17,Reed Lake,1A
Tule Flat Lutheran|girls,girls,49,79,-30,Reed Lake,1A
Tule Flat|boys,boys,25,51,-26,Tule Flat,3A
Tule Flat|girls,girls,64,53,11,Tule Flat,3A
Tule|boys,boys,32,44,-12,New Bergen,4A
Tule|girls,girls,11,47,-36,New Bergen,4A
Tungsten Reach|boys,boys,27,56,-29,Tungsten,Group 3
Tungsten Reach|girls,girls,38,50,-12,Tungsten,Group 3
Tunnel Diggings|boys,boys,7,14,-7,Tunnel Diggings,4A
Tunnel Diggings|girls,girls,9,16,-7,Tunnel Diggings,4A
Tunnelton|boys,boys,17,43,-26,Tunnelton,3A
Tunnelton|girls,girls,9,52,-43,Tunnelton,3A
Tunnelwood|boys,boys,28,20,8,Tunnelwood,3A
Tunnelwood|girls,girls,72,46,26,Tunnelwood,3A
Twin Rivers|boys,boys,32,52,-20,Twin Rivers,Group 3
Twin Rivers|girls,girls,33,29,4,Twin Rivers,Group 3
Ukiah High|boys,boys,16,16,0,Ukiah,8A
Ukiah High|girls,girls,52,50,2,Ukiah,8A
Umatilla High|boys,boys,63,33,30,Umatilla,5A
Umatilla High|girls,girls,71,17,54,Umatilla,5A
Union High|boys,boys,45,14,31,Union,2A
Union High|girls,girls,44,15,29,Union,2A
Utah|boys,boys,57,35,22,Utah,Group 1
Utah|girls,girls,43,50,-7,Utah,Group 1
Valderra Aviation and Engineering Academy|boys,boys,27,10,17,Coyote Bend,9A
Valderra Aviation and Engineering Academy|girls,girls,10,9,1,Coyote Bend,9A
Valderra Technical Arts Academy|boys,boys,12,17,-5,D. Eisenhower,8A
Valderra Technical Arts Academy|girls,girls,23,8,15,D. Eisenhower,8A
Valderra|boys,boys,71,64,7,Valderra,8A
Valderra|girls,girls,44,49,-5,Valderra,8A
Vale High|boys,boys,7,47,-40,Vale,2A
Vale High|girls,girls,2,61,-59,Vale,2A
Valley Christian|boys,boys,1,10,-9,Valley Christian,6A
Valley Christian|girls,girls,8,12,-4,Valley Christian,6A
Valley Forge North|boys,boys,3,48,-45,Forge Hollow,3A
Valley Forge North|girls,girls,31,49,-18,Forge Hollow,3A
Valley Forge|boys,boys,14,12,2,Valley Forge,6A
Valley Forge|girls,girls,26,29,-3,Valley Forge,6A
Vasquez North|boys,boys,54,39,15,Fontainebleau,4A
Vasquez North|girls,girls,31,42,-11,Fontainebleau,4A
Vasquez|boys,boys,45,7,38,Fruitvale,5A
Vasquez|girls,girls,23,9,14,Fruitvale,5A
Vermillion|boys,boys,20,8,12,Vermillion,Group 1
Vermillion|girls,girls,2,3,-1,Vermillion,Group 1
Vernon Moss North|girls,girls,64,32,32,Harmony,7A
Vernon Moss|boys,boys,22,48,-26,Playa Honda,1A
Vernon Moss|girls,girls,10,67,-57,Playa Honda,1A
Vesper Polytechnic Institute|boys,boys,39,29,10,Funtsville,3A
Vesper Polytechnic Institute|girls,girls,35,19,16,Funtsville,3A
Vespertine|boys,boys,30,59,-29,Vespertine,8A
Vespertine|girls,girls,83,84,-1,Vespertine,8A
Vessey Junction-Tailingford Union|boys,boys,51,37,14,Tailingford Union,1A
Vessey Junction-Tailingford Union|girls,girls,47,37,10,Tailingford Union,1A
Vessey Junction|boys,boys,50,26,24,Vessey Junction,2A
Vessey Junction|girls,girls,53,18,35,Vessey Junction,2A
Viktor Antonov|boys,boys,25,36,-11,Verrettes,6A
Viktor Antonov|girls,girls,46,50,-4,Verrettes,6A
Viktor Gromov|boys,boys,61,62,-1,Armour Fields,Group 1
Viktor Gromov|girls,girls,63,51,12,Armour Fields,Group 1
Viktor Kareva|boys,boys,8,76,-68,Cedar Point,5A
Viktor Kareva|girls,girls,60,68,-8,Cedar Point,5A
Villard|boys,boys,12,4,8,Villard,2A
Villard|girls,girls,15,13,2,Villard,2A
Vista Terrace|boys,boys,77,53,24,Vista Terrace,9A
Vista Terrace|girls,girls,74,27,47,Vista Terrace,9A
Wales City|boys,boys,29,15,14,Wales City,5A
Wales City|girls,girls,32,26,6,Wales City,5A
Wallowa High|boys,boys,78,22,56,Wallowa,1A
Wallowa High|girls,girls,72,45,27,Wallowa,1A
Walnut Yard|boys,boys,39,40,-1,South Simmons,2A
Walnut Yard|girls,girls,69,53,16,South Simmons,2A
Walter Hart North|boys,boys,55,57,-2,Wicomico,7A
Walter Hart North|girls,girls,65,60,5,Wicomico,7A
Walter Hart|boys,boys,78,78,0,Kittery,5A
Walter Hart|girls,girls,66,49,17,Kittery,5A
Walter Mondale|boys,boys,62,41,21,Mondale,9A
Walter Mondale|girls,girls,37,42,-5,Mondale,9A
Weissburg|boys,boys,43,55,-12,Weissburg,4A
Weissburg|girls,girls,40,54,-14,Weissburg,4A
Weller Regional|boys,boys,30,31,-1,Yandell,Group 3
Weller Regional|girls,girls,49,38,11,Yandell,Group 3
Wellsville County Catholic|boys,boys,62,64,-2,Hyrum,Group 2
Wellsville County Catholic|girls,girls,56,67,-11,Hyrum,Group 2
Welsh Plains Northwest|boys,boys,22,22,0,Grayston,3A
Welsh Plains Northwest|girls,girls,25,17,8,Grayston,3A
Welsh Plains|boys,boys,58,58,0,Welsh Plains,5A
Welsh Plains|girls,girls,65,52,13,Welsh Plains,5A
West Oberlin|boys,boys,30,36,-6,West Oberlin,Group 1
West Oberlin|girls,girls,69,48,21,West Oberlin,Group 1
Western Slope Christian|boys,boys,18,23,-5,Western Slope,3A
Western Slope Christian|girls,girls,40,26,14,Western Slope,3A
Weston-McEwen High|boys,boys,24,24,0,Weston-McEwen,1A
Weston-McEwen High|girls,girls,43,27,16,Weston-McEwen,1A
Westover|boys,boys,65,54,11,Westover,8A
Westover|girls,girls,71,47,24,Westover,8A
Westside Christian|boys,boys,83,71,12,Westside Christian,9A
Westside Christian|girls,girls,84,77,7,Westside Christian,9A
Wheatley|boys,boys,52,57,-5,Wheatley,1A
Wheatley|girls,girls,55,72,-17,Wheatley,1A
Wheeler Academy|boys,boys,27,17,10,Wheeler Academy,7A
Wheeler Academy|girls,girls,52,45,7,Wheeler Academy,7A
Wickbrook|boys,boys,6,34,-28,Salmon Bay,1A
Wickbrook|girls,girls,46,66,-20,Salmon Bay,1A
Willow Creek|boys,boys,61,19,42,Willow Creek,5A
Willow Creek|girls,girls,31,35,-4,Willow Creek,5A
Windrow|boys,boys,45,64,-19,Windrow,Group 3
Windrow|girls,girls,63,59,4,Windrow,Group 3
Winifred Booker North|girls,girls,27,21,6,Carden Pass,6A
Winifred Davenport|boys,boys,53,52,1,Lost River,7A
Winifred Davenport|girls,girls,60,56,4,Lost River,7A
Winifred Ellison|boys,boys,37,60,-23,Kingwood,5A
Winifred Ellison|girls,girls,39,60,-21,Kingwood,5A
Winifred Stokes|boys,boys,48,20,28,Mesa Co-op,7A
Winifred Stokes|girls,girls,32,39,-7,Mesa Co-op,7A
Wishram High|boys,boys,56,62,-6,Wishram,1A
Wishram High|girls,girls,84,78,6,Wishram,1A
Wolf Gap International School|boys,boys,64,24,40,Wolf Gap International,2A
Wolf Gap International School|girls,girls,27,32,-5,Wolf Gap International,2A
Wolf Gap|boys,boys,14,13,1,Corey Canyon,3A
Wolf Gap|girls,girls,26,21,5,Corey Canyon,3A
Woodrow Wilson North|girls,girls,14,20,-6,Hackensack,5A
Wyoming Valley|boys,boys,13,17,-4,Wyoming Valley,Group 2
Wyoming Valley|girls,girls,13,17,-4,Wyoming Valley,Group 2
Xabier Arregui|boys,boys,16,21,-5,Sinkford,3A
Xabier Arregui|girls,girls,11,14,-3,Sinkford,3A
Xavier Robles|boys,boys,10,8,2,Elk River,5A
Xavier Robles|girls,girls,35,23,12,Elk River,5A
Yarburg|boys,boys,69,62,7,Yarburg,2A
Yarburg|girls,girls,77,62,15,Yarburg,2A
Yarmere|boys,boys,36,23,13,Yarmere,1A
Yarmere|girls,girls,21,8,13,Yarmere,1A
Yelena Belov|boys,boys,76,59,17,Pennsauke,9A
Yelena Belov|girls,girls,34,72,-38,Pennsauke,9A
Yelena Sokolov|boys,boys,47,1,46,Bowerstock,8A
Yelena Sokolov|girls,girls,24,17,7,Bowerstock,8A
Yuri Chernov|boys,boys,37,43,-6,Sunset Hills,8A
Yuri Chernov|girls,girls,42,42,0,Sunset Hills,8A
Yuri Kochiyama|boys,boys,49,45,4,Kochiyama,4A
Yuri Kochiyama|girls,girls,27,45,-18,Kochiyama,4A
Zoya Orlov|boys,boys,45,18,27,Sacred Heart,7A
Zoya Orlov|girls,girls,40,23,17,Sacred Heart,7A
Zubieta River Plain|boys,boys,6,4,2,River Plain,Group 1
Zubieta River Plain|girls,girls,22,12,10,River Plain,Group 1
Zubieta|boys,boys,41,49,-8,Zubieta,Group 1
Zubieta|girls,girls,25,35,-10,Zubieta,Group 1
