gender,player_id,name,program_id,program_name,group,grade,rating,matches,wins,expected_wins,wae,win_pct,s1_matches,s1_wins,s1_expected,s1_wae,punch_matches,punch_wins,punch_wae,max_upset_gap,ind_champ,ind_finalist,team_titles
girls,e16b307a6e1f4088,Jayleen Jimmerson,Bidwell City|girls,Alfalfa City,1A,12,73.0,28,20,14.31825250004889,5.6817474999511095,0.7142857142857143,28.0,20.0,14.31825250004889,5.6817474999511095,3.0,0.0,-0.2965020012980134,-23.0,False,False,0
girls,1da4273ee3f92215,Xochitl Vilda,Graymont|girls,Georgia Mills,Group 3,12,73.0,24,17,11.703301341032232,5.2966986589677685,0.7083333333333334,24.0,17.0,11.703301341032232,5.2966986589677685,5.0,1.0,0.7017424162628821,-26.0,False,False,0
boys,5679b5f80fec1ca3,Frankie Coronado,Vale High|boys,Vale,2A,12,68.0,21,18,12.729767730035432,5.270232269964567,0.8571428571428571,21.0,18.0,12.729767730035432,5.270232269964568,1.0,0.0,-0.022320437912165605,-31.0,False,True,0
girls,28260ddbaeea39ee,Shaghayegh Ansari,Winifred Davenport|girls,Lost River,7A,12,60.0,18,14,9.277861269371419,4.722138730628582,0.7777777777777778,18.0,14.0,9.277861269371419,4.722138730628581,4.0,1.0,0.6284484055205447,-38.0,False,False,0
girls,218eb8d97bba4ae6,Maura Clardy,Odellville|girls,Odellville,1A,12,65.0,19,17,12.607734601700864,4.392265398299136,0.8947368421052632,19.0,17.0,12.607734601700864,4.392265398299136,1.0,0.0,-0.08503199234402718,-20.0,False,False,0
boys,8fd9b76d64794e1f,Elijah Bernard,Esteban Téllez|boys,Sawtelle,Group 1,12,78.0,31,22,17.643329491492242,4.356670508507759,0.7096774193548387,31.0,22.0,17.643329491492242,4.356670508507758,5.0,1.0,0.35237492011570737,-18.0,False,False,0
girls,d19d4dcc89ddebb8,Madilyn Bangura,Mikel Garmendia|girls,Homeland,Group 2,12,84.0,26,23,18.683103680974178,4.316896319025823,0.8846153846153846,26.0,23.0,18.683103680974178,4.3168963190258225,1.0,1.0,0.9079294138872177,-15.0,False,False,0
boys,4aaeb5aa778f5f8f,Elijah Schneider,Caldera High|boys,Caldera,8A,12,71.0,20,14,9.836268470242832,4.163731529757168,0.7,20.0,14.0,9.836268470242832,4.163731529757168,3.0,2.0,1.4637858828544548,-11.0,False,False,0
boys,c14399c2fd4f5641,Finn Brockway,Santa Michaela Harbor Gate|boys,Tidegate,8A,12,91.0,25,23,18.98634334188546,4.013656658114543,0.92,25.0,23.0,18.98634334188546,4.013656658114542,0.0,0.0,0.0,,False,False,0
girls,e15ae68b1e1993a2,Eleanor Kinnaman,Marsh Depot|girls,Jersey City,9A,12,73.0,29,23,19.958391219171634,3.0416087808283674,0.7931034482758621,29.0,23.0,19.958391219171634,3.0416087808283656,5.0,1.0,0.437638998016881,-24.0,False,False,0
boys,fcbdb1480079390a,Gerald Michel,Welsh Plains Northwest|boys,Grayston,3A,12,79.0,20,17,14.181501200936648,2.818498799063352,0.85,20.0,17.0,14.181501200936648,2.8184987990633523,3.0,1.0,0.6978138307549636,-20.0,False,False,0
boys,146c5be27eb8844d,Grayson Johnson,Crane|boys,Crane,3A,12,68.0,26,19,16.243868470321356,2.756131529678643,0.7307692307692307,26.0,19.0,16.243868470321356,2.756131529678644,5.0,1.0,0.3862657230960046,-18.0,False,False,0
boys,29c971e3acd1d020,Connor Arnot,Canaan Bend|boys,Canaan Bend,2A,12,67.0,24,17,14.407811650407037,2.592188349592962,0.7083333333333334,24.0,17.0,14.407811650407037,2.5921883495929627,2.0,0.0,-0.22929872324608214,-16.0,False,False,0
boys,40a18523e90dbd7f,Abdelali Mahrez,Gold Junction|boys,Seamus Town,2A,12,78.0,18,15,12.417454844090331,2.582545155909669,0.8333333333333334,17.0,14.0,11.429676621537329,2.570323378462671,4.0,3.0,2.553433733503069,-21.0,False,False,0
boys,ba70e180744e5719,Tate Taylor,Naylors Landing|boys,Naylors Landing,Group 3,12,87.0,24,19,16.44163730228369,2.5583626977163085,0.7916666666666666,24.0,19.0,16.44163730228369,2.5583626977163085,2.0,1.0,0.6110607947553797,-11.0,False,False,0
girls,66ff64d8798b925d,Olivia Dias,Rita Moreno|girls,Moreno,6A,12,77.0,24,20,17.584361619587952,2.41563838041205,0.8333333333333334,24.0,20.0,17.584361619587952,2.415638380412048,1.0,0.0,-0.06365995117471523,-18.0,False,False,0
girls,1fd71de5f76a0b86,Riley Battle,Weller Regional|girls,Yandell,Group 3,12,77.0,28,20,17.634571831016558,2.365428168983442,0.7142857142857143,28.0,20.0,17.634571831016558,2.365428168983442,5.0,2.0,1.575971361763623,-22.0,False,False,0
girls,3fcfc2fb7028d415,Iangaly Randrianasolo,Ransoms Landing|girls,Ransoms Landing,1A,12,80.0,24,19,16.689888361300138,2.310111638699862,0.7916666666666666,24.0,19.0,16.689888361300138,2.310111638699862,0.0,0.0,0.0,,False,False,0
girls,ea95e1fef1e6da64,Emma Van Buren,John Lewis|girls,Lewis,2A,12,81.0,20,16,13.720101687465085,2.2798983125349146,0.8,20.0,16.0,13.720101687465085,2.2798983125349146,4.0,2.0,1.3551322533762873,-17.0,False,False,0
girls,9f2d5e31d9097559,Alyssa Andrade,Nikolai Markov North|girls,Marigny,6A,12,87.0,21,20,17.728057289976235,2.2719427100237657,0.9523809523809523,21.0,20.0,17.728057289976235,2.2719427100237652,0.0,0.0,0.0,,False,False,0
girls,19b10ccc006ea5d2,Imani Bartkowicz,Sage Lake|girls,Sage Village,Group 3,12,72.0,25,18,15.751200591183446,2.248799408816553,0.72,25.0,18.0,15.751200591183446,2.248799408816554,5.0,0.0,-0.43123989271216256,-22.0,False,False,0
girls,41f7c13e3b0a1bb2,Samantha Johnson,Dawkins|girls,Dawkins,Group 2,12,92.0,22,19,16.7773814130411,2.222618586958901,0.8636363636363636,22.0,19.0,16.7773814130411,2.2226185869589017,0.0,0.0,0.0,,False,True,0
boys,62f04ce06ffbced5,Benjamin Lair,Petersburg High|boys,Brown,Group 2,12,89.0,24,20,17.91176174495619,2.0882382550438097,0.8333333333333334,24.0,20.0,17.91176174495619,2.0882382550438088,0.0,0.0,0.0,,False,False,0
boys,bbed3d5d9a9037a7,Moreto Duarte,Stagewater County High|boys,Wong,Group 2,12,83.0,24,18,16.001924020533945,1.9980759794660556,0.75,24.0,18.0,16.001924020533945,1.998075979466055,2.0,1.0,0.7370412521330059,-12.0,False,False,0
girls,aa21f6ac94ec03ab,Maggie Mcpherson,San Dámaso|girls,San Dámaso,6A,12,92.0,23,22,20.151466274142432,1.8485337258575667,0.9565217391304348,23.0,22.0,20.151466274142432,1.8485337258575676,0.0,0.0,0.0,,False,False,0
girls,b76d06239bb209de,Gabriela O'Keefe,Anneliese Ricci|girls,Carondelet,9A,12,77.0,22,17,15.155533349728785,1.8444666502712144,0.7727272727272727,22.0,17.0,15.155533349728785,1.8444666502712153,2.0,1.0,0.855837792752574,-17.0,False,False,0
girls,de8b259ba21d5e1e,Elizabeth Roberts,Elmfield|girls,Nurmes,Group 3,12,85.0,16,12,10.18568004525382,1.8143199547461797,0.75,16.0,12.0,10.18568004525382,1.8143199547461801,1.0,0.0,-0.10383323011821055,-14.0,False,False,0
boys,a2e851a74206a81a,Jeremiah Wyatt,Buckeye Bend|boys,Wyalusing,4A,12,78.0,26,21,19.20791030106135,1.7920896989386508,0.8076923076923077,26.0,21.0,19.20791030106135,1.7920896989386499,2.0,0.0,-0.2397856729022122,-15.0,False,False,0
boys,ad09b7c4b017b385,Leonel Baez,Valderra Aviation and Engineering Academy|boys,Coyote Bend,9A,12,83.0,26,21,19.24134117025862,1.7586588297413785,0.8076923076923077,26.0,21.0,19.24134117025862,1.7586588297413783,3.0,1.0,0.6118331757326718,-16.0,False,False,0
girls,e2bf0cec40017505,Rylee Dixon,Andrés Valera|girls,Basalt,4A,12,79.0,25,20,18.28730725561383,1.7126927443861701,0.8,25.0,20.0,18.28730725561383,1.712692744386171,0.0,0.0,0.0,,False,False,0
boys,8df1c310ff9436e1,Kevin Kravitz,Elena Petrov|boys,Talladega,9A,12,83.0,24,20,18.304865448674718,1.695134551325281,0.8333333333333334,24.0,20.0,18.304865448674718,1.6951345513252818,3.0,0.0,-0.4676497400017272,-17.0,False,True,0
girls,82cc2eaf38e8fe55,Sadie Fowler,Mill Creek|girls,Mill Creek,3A,12,88.0,17,13,11.340504457641241,1.659495542358759,0.7647058823529411,17.0,13.0,11.340504457641241,1.6594955423587585,3.0,1.0,0.4696020378954131,-11.0,False,False,0
girls,dd811c33b7201529,Evelyn De La Cruz,Ida B. Wells|girls,Wells,9A,12,91.0,25,20,18.37761169558533,1.6223883044146692,0.8,25.0,20.0,18.37761169558533,1.6223883044146703,0.0,0.0,0.0,,False,False,0
boys,3331b07c0ba0a28c,Julian Wall,Serrano|boys,Serrano,5A,12,79.0,24,20,17.21906363506451,2.7809363649354903,0.8333333333333334,19.0,15.0,13.418473242114533,1.5815267578854666,2.0,0.0,-0.19571701996654745,-18.0,False,False,0
boys,11ba395f1f12144a,Everett Ramsey,Belyakov Polytechnic Institute|boys,Morne Caribou Polytechnic,5A,12,82.0,32,25,24.078360570278665,0.9216394297213345,0.78125,18.0,14.0,12.453587899425882,1.546412100574118,1.0,0.0,-0.11714520827205732,-13.0,False,True,0
girls,0a146041d8d5ad20,Sashana Goldhoff,Mission Ridge|girls,Mission Ridge,2A,12,82.0,29,21,19.542465754676225,1.4575342453237754,0.7241379310344828,29.0,21.0,19.542465754676225,1.4575342453237745,4.0,0.0,-0.4342843289134595,-17.0,False,False,0
boys,4e24246435375eb0,Ciaran Irvin,Nathaniel Cross|boys,Veles Harbor,7A,12,88.0,27,23,21.544507290999494,1.4554927090005059,0.8518518518518519,27.0,23.0,21.544507290999494,1.4554927090005059,0.0,0.0,0.0,,False,False,0
girls,8a7a0188fd7dbe58,Fatiha Ziyech,Mabryville|girls,Virginia City,Group 3,12,75.0,28,20,18.60680331262682,1.3931966873731814,0.7142857142857143,28.0,20.0,18.60680331262682,1.3931966873731803,3.0,1.0,0.7924420794550504,-24.0,False,False,0
boys,c2a8335572a91d79,Jarrett Bryan,Nikolai Orlov|boys,Mater Dei,9A,12,90.0,28,23,20.642181145896142,2.3578188541038583,0.8214285714285714,16.0,13.0,11.618606435076597,1.3813935649234033,2.0,1.0,0.5687582651068832,-10.0,False,False,0
boys,e7b421438623b9b8,Lianjie Qiu,Naomi Moss|boys,Meyerland,5A,12,75.0,27,19,17.6547207316997,1.3452792683002976,0.7037037037037037,27.0,19.0,17.6547207316997,1.345279268300299,5.0,0.0,-0.6217686329244254,-22.0,False,False,0
girls,3ee793cfb997591f,Liz Keating,Fort Meriwether Foundry High North|girls,Westfield Friends,5A,12,92.0,24,23,21.674526499249705,1.3254735007502947,0.9583333333333334,24.0,23.0,21.674526499249705,1.3254735007502951,0.0,0.0,0.0,,False,True,0
girls,83e31ec21a8448ce,Ella Lewis,Orellana Canal View|girls,Canal View,9A,12,98.0,22,20,18.435236883112218,1.5647631168877838,0.9090909090909091,20.0,18.0,16.74069153550438,1.2593084644956214,0.0,0.0,0.0,,False,False,0
boys,ce1d9280757ce874,Wesley Rowland,Barclay|boys,Barclay,3A,12,86.0,22,19,17.80186865497907,1.198131345020928,0.8636363636363636,22.0,19.0,17.80186865497907,1.1981313450209292,0.0,0.0,0.0,,False,True,0
girls,9496ad2aec3a41bf,Chloe Robles,Andrés Valera North|girls,Pawnee,6A,12,76.0,28,20,18.81089886101206,1.1891011389879402,0.7142857142857143,28.0,20.0,18.81089886101206,1.1891011389879402,3.0,0.0,-0.24422414967137127,-19.0,False,False,0
girls,4830e077d3b8e8db,Fatima Lahlou,Pendleton High|girls,Pendleton,5A,12,87.0,29,23,21.84470690455594,1.1552930954440568,0.7931034482758621,29.0,23.0,21.84470690455594,1.1552930954440583,1.0,0.0,-0.11690513661313895,-13.0,False,True,0
girls,159d06e75324c9e9,Jemma Wilson,Powder Valley High|girls,Powder Valley,2A,12,77.0,25,18,16.85470452322586,1.1452954767741412,0.72,25.0,18.0,16.85470452322586,1.145295476774141,5.0,1.0,0.43732271902307185,-17.0,False,False,0
girls,86581887ddf96c2e,Riley Morales,Amos Cross|girls,L.B. Johnson,9A,12,89.0,20,15,13.90198701850795,1.09801298149205,0.75,20.0,15.0,13.90198701850795,1.0980129814920492,0.0,0.0,0.0,,False,False,0
boys,eb3d66fcdefb16a7,Conner Hubbard,Oksana Petrov|boys,Oak Forest,Group 2,12,84.0,27,21,19.95102522738328,1.0489747726167207,0.7777777777777778,27.0,21.0,19.95102522738328,1.0489747726167202,2.0,0.0,-0.29454982380185,-11.0,False,False,0
girls,d75428d0e3888428,Lise Desrosiers,Caswell Depot High|girls,Cherry Hill North,2A,12,83.0,29,25,21.34165197642637,3.658348023573629,0.8620689655172413,16.0,12.0,11.004558293433625,0.9954417065663748,2.0,1.0,0.6935449948723496,-15.0,False,False,0
girls,032e44640cceb18a,Sarah Vardy,Blackbird Canyon|girls,Tallulah Canyon,4A,12,88.0,30,26,25.00455887150214,0.9954411284978589,0.8666666666666667,30.0,26.0,25.00455887150214,0.995441128497859,0.0,0.0,0.0,,False,False,0
girls,63e157b8f4cbe0c4,Addison Ortiz,Greaves Aviation and Engineering Academy|girls,Skypark,Group 2,12,84.0,18,13,12.01967407326348,0.9803259267365183,0.7222222222222222,18.0,13.0,12.01967407326348,0.9803259267365192,1.0,0.0,-0.1713289824626099,-14.0,False,False,0
boys,8c2b3955e4df3514,Oliver Pope,Halbrook Union|boys,Deaconsburg,7A,12,83.0,19,15,14.027298310147588,0.9727016898524121,0.7894736842105263,19.0,15.0,14.027298310147588,0.9727016898524123,2.0,0.0,-0.3138233458288977,-13.0,False,False,0
boys,e74b4671e322b729,Zayne Fuller,San Telmo Agricultural Sciences Academy|boys,Orchard Union,7A,12,87.0,23,18,17.05495964172032,0.9450403582796814,0.782608695652174,23.0,18.0,17.05495964172032,0.9450403582796802,4.0,0.0,-0.7257915586949668,-11.0,False,False,0
boys,d746670ea0f6c09f,Fiske Yueill,Pellford|boys,Pellford,1A,12,79.0,20,15,14.095336684111544,0.904663315888456,0.75,20.0,15.0,14.095336684111544,0.904663315888456,0.0,0.0,0.0,,False,False,0
boys,7c5e070642915861,Liam DeLuca,Oscar Michaeux|boys,Michaeux,Group 3,12,73.0,23,18,17.10923987610313,0.890760123896872,0.782608695652174,23.0,18.0,17.10923987610313,0.8907601238968716,1.0,0.0,-0.15831792777505801,-15.0,False,False,0
girls,6b4e65576405dacd,Mercedes Saiz,Meridian Regional|girls,Meridian Regional,2A,12,82.0,15,11,10.11094067114966,0.8890593288503398,0.7333333333333333,15.0,11.0,10.11094067114966,0.8890593288503403,1.0,0.0,-0.10819423814897534,-18.0,False,False,0
boys,d7ba47c5cb35b8b5,Anders Schmidt,Netherwood|boys,Netherwood,2A,12,86.0,23,20,19.117003027973112,0.8829969720268875,0.8695652173913043,23.0,20.0,19.117003027973112,0.8829969720268878,0.0,0.0,0.0,,False,False,0
boys,e7320a0a31cdbdee,Jacob Flores,Tailing Crossing-Ewart Bar Union|boys,Fountain Park,2A,12,86.0,21,16,15.195433529857548,0.8045664701424532,0.7619047619047619,21.0,16.0,15.195433529857548,0.8045664701424524,1.0,1.0,0.8033218624431596,-13.0,False,False,0
girls,fb8d26e4cdefa650,Ashley Kennedy,Ostrander Union|girls,Ostrander Union,3A,12,84.0,26,19,18.215004178760626,0.7849958212393748,0.7307692307692307,26.0,19.0,18.215004178760626,0.7849958212393737,5.0,1.0,0.12260511192758095,-15.0,False,False,0
boys,6aee563e046a12ef,Bennett Harris,Villard|boys,Villard,2A,12,98.0,21,20,19.245904192900962,0.7540958070990371,0.9523809523809523,21.0,20.0,19.245904192900962,0.7540958070990378,0.0,0.0,0.0,,False,True,0
boys,1c95d06d141d7247,Moises Bullock,Abraham Lincoln|boys,Lincoln,8A,12,82.0,30,24,23.272010180531552,0.7279898194684487,0.8,30.0,24.0,23.272010180531552,0.7279898194684478,0.0,0.0,0.0,,False,False,0
girls,e4c1d3c58bccd8bf,Joyce Kaiser,Levee Bluff|girls,Levee Bluff,1A,12,92.0,25,20,19.283415979433087,0.7165840205669117,0.8,25.0,20.0,19.283415979433087,0.7165840205669127,0.0,0.0,0.0,,False,False,0
boys,a3b6790e9ebfd945,Nathan Hummel,Klickitat High|boys,Klickitat,1A,12,78.0,26,19,18.309027781738674,0.690972218261327,0.7307692307692307,26.0,19.0,18.309027781738674,0.6909722182613258,1.0,0.0,-0.13147937393349707,-12.0,False,False,0
boys,011f84af3eabe9c4,Hugo Quintanilla,Drayfield Foundry High|boys,Empire,Group 2,12,83.0,21,16,15.309931452428296,0.6900685475717038,0.7619047619047619,21.0,16.0,15.309931452428296,0.6900685475717037,1.0,0.0,-0.147274911900925,-11.0,False,False,0
girls,e72bdc866a0ab6bd,Chloe Navarro,Madison|girls,Governor Woods,2A,12,84.0,26,19,18.312749294570473,0.6872507054295254,0.7307692307692307,26.0,19.0,18.312749294570473,0.6872507054295269,1.0,0.0,-0.15322750256382528,-15.0,False,False,0
girls,5f950b1c3ac51fc7,Stella Gan,St. Perpetua|girls,Farview,6A,12,84.0,27,22,21.34857197793286,0.6514280220671408,0.8148148148148148,27.0,22.0,21.34857197793286,0.6514280220671402,0.0,0.0,0.0,,False,False,0
girls,f60fab7d29395490,Karina Flores,Redwood Coast|girls,Bienville,9A,12,81.0,23,17,16.362197197005944,0.6378028029940556,0.7391304347826086,23.0,17.0,16.362197197005944,0.6378028029940559,1.0,0.0,-0.11690513661313895,-13.0,False,False,0
girls,1de6ebce0b02bf03,Sofia King,Edith Hart|girls,Bellarmine Prep,7A,12,96.0,17,15,14.374144376038583,0.625855623961417,0.8823529411764706,17.0,15.0,14.374144376038583,0.6258556239614173,0.0,0.0,0.0,,False,False,0
girls,9ce9dc9503a7a995,Anika Stoltzfus,Itziar Elorriaga|girls,Elysian Valley,8A,12,70.0,30,21,21.211174377747103,-0.21117437774710335,0.7,19.0,12.0,11.382201681416474,0.6177983185835263,3.0,0.0,-0.5423405343313232,-13.0,False,False,0
boys,22623da2b65df303,Maddox Burch,Treasure Valley|boys,Caney,Group 1,12,85.0,25,22,21.48566730208899,0.5143326979110079,0.88,25.0,22.0,21.48566730208899,0.5143326979110086,0.0,0.0,0.0,,False,False,0
boys,e3c8a7c33fa4d0b0,Nicholas Pankratz,Orellana Canal View|boys,Canal View,9A,12,94.0,23,17,16.512525987145235,0.4874740128547662,0.7391304347826086,23.0,17.0,16.512525987145235,0.487474012854765,0.0,0.0,0.0,,False,False,0
boys,412a5613c9437d74,Richard Charbonneau,Matteo Dahl|boys,Bywater,7A,12,83.0,25,19,18.658052635563386,0.34194736443661455,0.76,25.0,19.0,18.658052635563386,0.34194736443661355,2.0,0.0,-0.2235583983514737,-16.0,False,False,0
boys,6b80332b2b183ff3,Tamatoa Hellstrom,Yelena Sokolov|boys,Bowerstock,8A,12,91.0,27,23,22.74519437044354,0.2548056295564628,0.8518518518518519,27.0,23.0,22.74519437044354,0.25480562955646135,0.0,0.0,0.0,,False,False,0
girls,a3d1a6fd2f7017fc,Fatuma Mkapa,Pauli Booker|girls,Nightfall,6A,12,80.0,22,17,16.87357584247505,0.12642415752495118,0.7727272727272727,22.0,17.0,16.87357584247505,0.1264241575249514,0.0,0.0,0.0,,False,False,0
girls,3af1822dcf0e48db,Valeria Cyr,Alderfield|girls,Linden,1A,12,84.0,20,15,14.87451308041073,0.12548691958926916,0.75,20.0,15.0,14.87451308041073,0.12548691958926916,0.0,0.0,0.0,,False,True,0
girls,a0af78feac38daf9,Ella Mayfield,Free Hill|girls,Free Hill,1A,12,73.0,27,19,18.942011890795467,0.057988109204533345,0.7037037037037037,27.0,19.0,18.942011890795467,0.057988109204533345,3.0,1.0,0.8249718445149146,-26.0,False,False,0
girls,2b6752637c6b3c45,Jessica Bentley,Basalt Fork|girls,Río Salado,1A,12,85.0,22,18,17.992788013060526,0.007211986939473225,0.8181818181818182,22.0,18.0,17.992788013060526,0.007211986939474002,1.0,0.0,-0.10383323011821055,-14.0,False,False,0
girls,d4b8256916693071,Nadia Rojas,Zubieta River Plain|girls,River Plain,Group 1,12,96.0,22,20,20.02749451141771,-0.027494511417709755,0.9090909090909091,22.0,20.0,20.02749451141771,-0.027494511417710754,0.0,0.0,0.0,,False,False,0
boys,6b9285a1e445a8ce,Aiden McNatt,Marcus Langston North|boys,Garfield,3A,12,78.0,32,25,25.067265524813447,-0.06726552481344794,0.78125,32.0,25.0,25.067265524813447,-0.06726552481344683,2.0,0.0,-0.37081962937023855,-14.0,False,False,0
boys,2b2a3b85562dfdc5,Nicholas May,Foothills Christian|boys,Foothills Christian,1A,12,95.0,20,18,18.080308238324832,-0.08030823832483314,0.9,20.0,18.0,18.080308238324832,-0.08030823832483236,0.0,0.0,0.0,,False,True,0
girls,0652237ba61b9bf8,Claudia Kinnear,Santa Michaela Harbor Gate|girls,Tidegate,8A,12,94.0,21,18,18.106812709589306,-0.10681270958930511,0.8571428571428571,21.0,18.0,18.106812709589306,-0.10681270958930611,0.0,0.0,0.0,,False,False,0
boys,958df6b45306ea43,Zachary Shoemaker,Granite Basin|boys,Granite Basin,2A,12,80.0,25,19,19.129591253922268,-0.12959125392226734,0.76,25.0,19.0,19.129591253922268,-0.12959125392226767,0.0,0.0,0.0,,False,False,0
girls,54ef2798dcc2977a,Khloe Gong,Hawk Lake Southeast|girls,Pine Barrens,5A,12,80.0,21,16,15.358946980865946,0.641053019134053,0.7619047619047619,16.0,11.0,11.135799121933836,-0.13579912193383592,2.0,1.0,0.7212673071210557,-12.0,False,False,0
girls,2e736edc986f2843,Destiny Maria,Aitor Echevarria|girls,Point Loma,Group 1,12,84.0,20,16,16.13888960425286,-0.13888960425285912,0.8,20.0,16.0,16.13888960425286,-0.13888960425286,0.0,0.0,0.0,,False,False,0
girls,f315026a92c77f6a,Charlotte Alvarez,Ruby Stokes North|girls,Forks Harbor,8A,12,81.0,28,20,20.180363167034095,-0.18036316703409383,0.7142857142857143,28.0,20.0,20.180363167034095,-0.18036316703409483,1.0,0.0,-0.0920705861127823,-15.0,False,False,0
girls,73b63f43610644dd,Evalyn Gamble,Klickitat High|girls,Klickitat,1A,12,99.0,20,19,19.24189029653871,-0.2418902965387103,0.95,20.0,19.0,19.24189029653871,-0.24189029653870975,0.0,0.0,0.0,,False,False,0
boys,44aff4483fdd7cac,Connor Velazquez,Sofía Aranda|boys,Montclair,8A,12,86.0,20,15,15.256472508481664,-0.2564725084816639,0.75,20.0,15.0,15.256472508481664,-0.25647250848166436,0.0,0.0,0.0,,False,False,0
boys,b2af88add54aef10,Dexter Molden,Vasquez|boys,Fruitvale,5A,12,80.0,16,12,12.229612500838936,-0.2296125008389357,0.75,15.0,11.0,11.302243010674596,-0.30224301067459614,0.0,0.0,0.0,,False,False,0
girls,540d1fa521b3b5ae,Paisley Benson,Winifred Booker North|girls,Carden Pass,6A,12,75.0,27,19,19.305333096601494,-0.3053330966014949,0.7037037037037037,27.0,19.0,19.305333096601494,-0.305333096601494,2.0,2.0,1.6169532831772284,-11.0,False,False,0
boys,699f14367db3fab1,Wyatt Day,Olive Reach North|boys,Buckeye Ridge,4A,12,77.0,22,18,17.515187926801723,0.4848120731982789,0.8181818181818182,17.0,13.0,13.314047882126111,-0.31404788212611123,1.0,0.0,-0.06956225581513781,-22.0,False,False,0
girls,aa2e659ae9443532,Penelope Fisher,Vasquez|girls,Fruitvale,5A,12,88.0,25,19,19.34921227274244,-0.34921227274244204,0.76,25.0,19.0,19.34921227274244,-0.3492122727424416,0.0,0.0,0.0,,False,False,0
boys,e8b32f3a628448a8,Jacob Andrews,Oskar Bellini|boys,Notre Dame,9A,12,99.0,23,20,20.496245598833617,-0.4962455988336191,0.8695652173913043,23.0,20.0,20.496245598833617,-0.4962455988336174,0.0,0.0,0.0,,False,False,0
girls,641a39547e98cc2b,Alexandra Pina,Riverside High|girls,Riverside,5A,12,90.0,24,20,20.528831500507348,-0.5288315005073487,0.8333333333333334,24.0,20.0,20.528831500507348,-0.5288315005073478,0.0,0.0,0.0,,False,False,0
girls,237e8af245f2fd03,Emma Gomez,Doyleville Union|girls,Doyleville Union,Group 3,12,82.0,23,17,17.541742289355774,-0.5417422893557746,0.7391304347826086,23.0,17.0,17.541742289355774,-0.5417422893557742,2.0,0.0,-0.34391910655676616,-12.0,False,False,0
boys,d78fd94747255c99,Wilson Duran,Nikolai Markov North|boys,Marigny,6A,12,88.0,23,19,19.630862595489234,-0.6308625954892345,0.8260869565217391,23.0,19.0,19.630862595489234,-0.6308625954892335,1.0,0.0,-0.2183373762262009,-12.0,False,False,0
girls,a1dbee388adff1cc,Sophia Edlund,Andrés Ibarra|girls,Monongahela,Group 1,12,94.0,21,18,18.64717829151053,-0.6471782915105329,0.8571428571428571,21.0,18.0,18.64717829151053,-0.6471782915105315,0.0,0.0,0.0,,False,True,0
girls,bd638b9f5ec84d54,Rowan Garcia,James Madison North|girls,Hagerstown,Group 1,12,85.0,30,22,22.732160838776853,-0.7321608387768545,0.7333333333333333,30.0,22.0,22.732160838776853,-0.7321608387768528,3.0,0.0,-0.4809935602175638,-15.0,False,False,0
girls,345b5678b126a7ce,Amanda Raman,Vessey Junction|girls,Vessey Junction,2A,12,74.0,27,19,17.51922404463768,1.480775955362319,0.7037037037037037,15.0,8.0,8.785701301737621,-0.7857013017376211,1.0,0.0,-0.12174058393452525,-17.0,False,False,0
boys,3a4ad82c1b96c5d9,Louis Dixon,Nyssa High|boys,Nyssa,2A,12,80.0,16,12,12.837488197441097,-0.8374881974410959,0.75,16.0,12.0,12.837488197441097,-0.8374881974410968,0.0,0.0,0.0,,False,False,0
boys,63431d37e8d3ae72,Eleazar Millan,Beacon Hill|boys,Beacon Hill,4A,12,82.0,30,21,21.857990137191955,-0.8579901371919556,0.7,28.0,19.0,19.912233846554024,-0.9122338465540238,5.0,1.0,0.3194656919767083,-18.0,False,False,0
boys,5f5792c5de79c373,Dalton Raines,Las Palmas North|boys,Natchitoches,8A,12,89.0,28,20,20.92995068522006,-0.9299506852200584,0.7142857142857143,28.0,20.0,20.92995068522006,-0.9299506852200601,1.0,0.0,-0.147274911900925,-11.0,False,False,0
boys,54a5c8ba236e068d,Everett Moore,Alejandro Zamora|boys,Morgan Park,9A,12,95.0,23,18,18.969241847951718,-0.9692418479517196,0.782608695652174,23.0,18.0,18.969241847951718,-0.969241847951718,0.0,0.0,0.0,,False,True,0
girls,f3e040901f544ae2,Vivienne Spaulding,Gold Junction|girls,Seamus Town,2A,12,89.0,29,24,25.13821266712608,-1.138212667126079,0.8275862068965517,29.0,24.0,25.13821266712608,-1.13821266712608,0.0,0.0,0.0,,False,False,0
girls,60e56038100cc556,Keilani Newcombe,Goodman|girls,Fort Bardsley,3A,12,92.0,24,20,21.23830349468068,-1.2383034946806775,0.8333333333333334,24.0,20.0,21.23830349468068,-1.2383034946806788,0.0,0.0,0.0,,False,False,0
boys,aaf2c5e7521cedbc,Alexzander Moore,Rostova Junction|boys,Rostova Junction,Group 2,12,83.0,21,15,16.240676701634687,-1.2406767016346862,0.7142857142857143,21.0,15.0,16.240676701634687,-1.240676701634687,1.0,0.0,-0.13147937393349707,-12.0,False,False,0
boys,a53afb598b99fa3d,Adrian Lucas,Doyleville Union|boys,Doyleville Union,Group 3,12,84.0,20,14,15.260838315373213,-1.2608383153732134,0.7,20.0,14.0,15.260838315373213,-1.2608383153732134,0.0,0.0,0.0,,False,False,0
boys,788aa65239fce14d,Krew Kagan,San Tomás|boys,San Tomás,9A,12,90.0,25,19,20.265624506403906,-1.265624506403907,0.76,25.0,19.0,20.265624506403906,-1.2656245064039062,1.0,0.0,-0.16460842591585445,-10.0,False,False,0
boys,997f938ee982fac3,Jonathan Johnson,Manzanita Ridge|boys,Manzanita,6A,12,85.0,29,22,23.286659462839253,-1.286659462839255,0.7586206896551724,29.0,22.0,23.286659462839253,-1.2866594628392534,1.0,0.0,-0.10418632039297626,-14.0,False,False,0
girls,2b06d6e405eafadc,Bella Contreras,Foxtail Meadows|girls,Foxtail Meadows,5A,12,84.0,26,19,20.56098488482268,-1.5609848848226813,0.7307692307692307,26.0,19.0,20.56098488482268,-1.5609848848226804,0.0,0.0,0.0,,False,False,0
boys,580af50c73e0ceb2,Jaden Hartzler,Pacific Gate|boys,Pacific Gate,8A,12,96.0,23,18,19.640180725080807,-1.6401807250808078,0.782608695652174,23.0,18.0,19.640180725080807,-1.640180725080807,0.0,0.0,0.0,,False,True,0
boys,3591134509b7a097,Wallace Walters,Meridian Regional|boys,Meridian Regional,2A,12,99.0,20,16,17.787005954736152,-1.7870059547361516,0.8,20.0,16.0,17.787005954736152,-1.787005954736152,0.0,0.0,0.0,,False,False,0
boys,68ed54cf6098027a,Benjamin De Leon,Caswell Depot High|boys,Cherry Hill North,2A,12,93.0,21,17,18.879814085712194,-1.8798140857121932,0.8095238095238095,21.0,17.0,18.879814085712194,-1.8798140857121943,0.0,0.0,0.0,,False,True,0
boys,de6ffe195cf76844,Hayden Chen,Providence Academy North|boys,Minidoka,Group 2,12,95.0,24,18,20.884051605339362,-2.884051605339361,0.75,24.0,18.0,20.884051605339362,-2.884051605339362,0.0,0.0,0.0,,False,True,0
girls,af27b228e6b75a10,Lika Kakabadze,Port Meridian West|girls,Port Meridian Central,9A,12,94.0,27,19,22.997279928632494,-3.9972799286324925,0.7037037037037037,27.0,19.0,22.997279928632494,-3.9972799286324943,0.0,0.0,0.0,,False,True,0
